d,success,2021-03-06 03:30:07+0300,2021-03-06 03:30:00+0300,newsletter@e.usmagazine.com,relayed,2.0.0 (success),smtp;250 OK id AABSEFVJJASQCQE2,vmta_d_5170_176.57.208.151,1,20051_5170_34375_222,juno.com/vmta_d_5170_176.57.208.151
d,success,2021-03-06 03:30:09+0300,2021-03-06 03:30:02+0300,newsletter@e.usmagazine.com,relayed,2.0.0 (success),smtp;250 OK id AABSEFVJLAWAPT8J,vmta_d_5170_176.57.208.151,1,20051_5170_34377_222,juno.com/vmta_d_5170_176.57.208.151
d,success,2021-03-06 03:30:10+0300,2021-03-06 03:30:03+0300,newsletter@e.usmagazine.com,relayed,2.0.0 (success),smtp;250 OK id AABSEFVJMAE5UKXJ,vmta_d_5170_176.57.208.151,1,20051_5170_34378_222,juno.com/vmta_d_5170_176.57.208.151
d,success,2021-03-06 03:30:10+0300,2021-03-06 03:30:03+0300,newsletter@e.usmagazine.com,relayed,2.0.0 (success),smtp;250 OK id AABSEFVJMAWYA79A,vmta_d_5170_176.57.208.151,1,20051_5170_0_0,juno.com/vmta_d_5170_176.57.208.151
d,success,2021-03-06 03:30:11+0300,2021-03-06 03:30:04+0300,newsletter@e.usmagazine.com,relayed,2.0.0 (success),smtp;250 OK id AABSEFVJNAHVDLRJ,vmta_d_5170_176.57.208.151,1,20051_5170_34379_222,juno.com/vmta_d_5170_176.57.208.151
d,success,2021-03-06 03:30:11+0300,2021-03-06 03:30:06+0300,newsletter@e.usmagazine.com,relayed,2.0.0 (success),smtp;250 OK id AABSEFVJNAJPJZMJ,vmta_d_5170_176.57.208.151,1,20051_5170_34381_222,juno.com/vmta_d_5170_176.57.208.151
d,success,2021-03-06 03:30:16+0300,2021-03-06 03:30:11+0300,newsletter@e.usmagazine.com,relayed,2.0.0 (success),smtp;250 OK id AABSEFVJTABL6P9A,vmta_d_5170_176.57.208.151,1,20051_5170_34386_222,juno.com/vmta_d_5170_176.57.208.151
d,success,2021-03-06 03:30:16+0300,2021-03-06 03:30:09+0300,newsletter@e.usmagazine.com,relayed,2.0.0 (success),smtp;250 OK id AABSEFVJTAFEQEXS,vmta_d_5170_176.57.208.151,1,20051_5170_34384_222,juno.com/vmta_d_5170_176.57.208.151
d,success,2021-03-06 03:30:21+0300,2021-03-06 03:30:14+0300,newsletter@e.usmagazine.com,relayed,2.0.0 (success),smtp;250 OK id AABSEFVJYAQDLDQ2,vmta_d_5170_176.57.208.151,1,20051_5170_34389_222,juno.com/vmta_d_5170_176.57.208.151
d,success,2021-03-06 03:30:24+0300,2021-03-06 03:30:17+0300,newsletter@e.usmagazine.com,relayed,2.0.0 (success),smtp;250 OK id AABSEFVJ3AW8DSNJ,vmta_d_5170_176.57.208.151,1,20051_5170_34392_222,juno.com/vmta_d_5170_176.57.208.151
d,success,2021-03-06 03:30:25+0300,2021-03-06 03:30:18+0300,newsletter@e.usmagazine.com,relayed,2.0.0 (success),smtp;250 OK id AABSEFVJ4AHQGDHJ,vmta_d_5170_176.57.208.151,1,20051_5170_34393_222,juno.com/vmta_d_5170_176.57.208.151
d,success,2021-03-06 03:30:27+0300,2021-03-06 03:30:20+0300,newsletter@e.usmagazine.com,relayed,2.0.0 (success),smtp;250 OK id AABSEFVJ6AMMWFPS,vmta_d_5170_176.57.208.151,1,20051_5170_34395_222,juno.com/vmta_d_5170_176.57.208.151
d,success,2021-03-06 03:30:28+0300,2021-03-06 03:30:21+0300,newsletter@e.usmagazine.com,relayed,2.0.0 (success),smtp;250 OK id AABSEFVJ7ATKJFGS,vmta_d_5170_176.57.208.151,1,20051_5170_34396_222,juno.com/vmta_d_5170_176.57.208.151
d,success,2021-03-06 03:30:29+0300,2021-03-06 03:30:22+0300,newsletter@e.usmagazine.com,relayed,2.0.0 (success),smtp;250 OK id AABSEFVJ8AJGF9R2,vmta_d_5170_176.57.208.151,1,20051_5170_34397_222,juno.com/vmta_d_5170_176.57.208.151
d,success,2021-03-06 03:30:30+0300,2021-03-06 03:30:23+0300,newsletter@e.usmagazine.com,relayed,2.0.0 (success),smtp;250 OK id AABSEFVJ9AS6EQTJ,vmta_d_5170_176.57.208.151,1,20051_5170_34398_222,juno.com/vmta_d_5170_176.57.208.151
d,success,2021-03-06 03:30:33+0300,2021-03-06 03:30:25+0300,newsletter@e.usmagazine.com,relayed,2.0.0 (success),smtp;250 OK id AABSEFVKCAS5AFPA,vmta_d_5170_176.57.208.151,1,20051_5170_34400_222,juno.com/vmta_d_5170_176.57.208.151
d,success,2021-03-06 03:30:38+0300,2021-03-06 03:30:33+0300,newsletter@e.usmagazine.com,relayed,2.0.0 (success),smtp;250 OK id AABSEFVKHAP7TLNA,vmta_d_5170_176.57.208.151,1,20051_5170_34408_222,juno.com/vmta_d_5170_176.57.208.151
d,success,2021-03-06 03:30:39+0300,2021-03-06 03:30:31+0300,newsletter@e.usmagazine.com,relayed,2.0.0 (success),smtp;250 OK id AABSEFVKHAY36AUS,vmta_d_5170_176.57.208.151,1,20051_5170_34406_222,juno.com/vmta_d_5170_176.57.208.151
d,success,2021-03-06 03:30:43+0300,2021-03-06 03:30:36+0300,newsletter@e.usmagazine.com,relayed,2.0.0 (success),smtp;250 OK id AABSEFVKNAM4K6XS,vmta_d_5170_176.57.208.151,1,20051_5170_34411_222,juno.com/vmta_d_5170_176.57.208.151
d,success,2021-03-06 03:30:45+0300,2021-03-06 03:30:38+0300,newsletter@e.usmagazine.com,relayed,2.0.0 (success),smtp;250 OK id AABSEFVKQAHVHKP2,vmta_d_5170_176.57.208.151,1,20051_5170_34413_222,juno.com/vmta_d_5170_176.57.208.151
d,success,2021-03-06 03:30:50+0300,2021-03-06 03:30:42+0300,newsletter@e.usmagazine.com,relayed,2.0.0 (success),smtp;250 OK id AABSEFVKVAKDUFP2,vmta_d_5170_176.57.208.151,1,20051_5170_34417_222,juno.com/vmta_d_5170_176.57.208.151
d,success,2021-03-06 03:30:53+0300,2021-03-06 03:30:46+0300,newsletter@e.usmagazine.com,relayed,2.0.0 (success),smtp;250 OK id AABSEFVKYANJTWXA,vmta_d_5170_176.57.208.151,1,20051_5170_34421_222,juno.com/vmta_d_5170_176.57.208.151
d,success,2021-03-06 03:30:54+0300,2021-03-06 03:30:47+0300,newsletter@e.usmagazine.com,relayed,2.0.0 (success),smtp;250 OK id AABSEFVKZAUK9EEJ,vmta_d_5170_176.57.208.151,1,20051_5170_34422_222,juno.com/vmta_d_5170_176.57.208.151
d,success,2021-03-06 03:30:55+0300,2021-03-06 03:30:49+0300,newsletter@e.usmagazine.com,relayed,2.0.0 (success),smtp;250 OK id AABSEFVKZA4QBD5A,vmta_d_5170_176.57.208.151,1,20051_5170_34424_222,juno.com/vmta_d_5170_176.57.208.151
d,success,2021-03-06 03:30:55+0300,2021-03-06 03:30:48+0300,newsletter@e.usmagazine.com,relayed,2.0.0 (success),smtp;250 OK id AABSEFVK2AHBXP8A,vmta_d_5170_176.57.208.151,1,20051_5170_34423_222,juno.com/vmta_d_5170_176.57.208.151
d,success,2021-03-06 03:30:58+0300,2021-03-06 03:30:50+0300,newsletter@e.usmagazine.com,relayed,2.0.0 (success),smtp;250 OK id AABSEFVK4AYS38MJ,vmta_d_5170_176.57.208.151,1,20051_5170_34425_222,juno.com/vmta_d_5170_176.57.208.151
d,success,2021-03-06 03:30:59+0300,2021-03-06 03:30:52+0300,newsletter@e.usmagazine.com,relayed,2.0.0 (success),smtp;250 OK id AABSEFVK6AUJ3T9S,vmta_d_5170_176.57.208.151,1,20051_5170_34427_222,juno.com/vmta_d_5170_176.57.208.151
d,success,2021-03-06 03:31:06+0300,2021-03-06 03:30:59+0300,newsletter@e.usmagazine.com,relayed,2.0.0 (success),smtp;250 OK id AABSEFVLDAHMC3R2,vmta_d_5170_176.57.208.151,1,20051_5170_34434_222,juno.com/vmta_d_5170_176.57.208.151
d,success,2021-03-06 03:31:08+0300,2021-03-06 03:31:01+0300,newsletter@e.usmagazine.com,relayed,2.0.0 (success),smtp;250 OK id AABSEFVLFANUNN7S,vmta_d_5170_176.57.208.151,1,20051_5170_34436_222,juno.com/vmta_d_5170_176.57.208.151
d,success,2021-03-06 03:31:10+0300,2021-03-06 03:31:03+0300,newsletter@e.usmagazine.com,relayed,2.0.0 (success),smtp;250 OK id AABSEFVLHAT6VE4J,vmta_d_5170_176.57.208.151,1,20051_5170_34438_222,juno.com/vmta_d_5170_176.57.208.151
d,success,2021-03-06 03:31:16+0300,2021-03-06 03:31:08+0300,newsletter@e.usmagazine.com,relayed,2.0.0 (success),smtp;250 OK id AABSEFVLNAZP6G7A,vmta_d_5170_176.57.208.151,1,20051_5170_34443_222,juno.com/vmta_d_5170_176.57.208.151
d,success,2021-03-06 03:31:17+0300,2021-03-06 03:31:09+0300,newsletter@e.usmagazine.com,relayed,2.0.0 (success),smtp;250 OK id AABSEFVLQAG8CVEJ,vmta_d_5170_176.57.208.151,1,20051_5170_34444_222,juno.com/vmta_d_5170_176.57.208.151
d,success,2021-03-06 03:31:19+0300,2021-03-06 03:31:12+0300,newsletter@e.usmagazine.com,relayed,2.0.0 (success),smtp;250 OK id AABSEFVLSAVK69MJ,vmta_d_5170_176.57.208.151,1,20051_5170_34447_222,juno.com/vmta_d_5170_176.57.208.151
d,success,2021-03-06 03:31:20+0300,2021-03-06 03:31:13+0300,newsletter@e.usmagazine.com,relayed,2.0.0 (success),smtp;250 OK id AABSEFVLTANFNJSS,vmta_d_5170_176.57.208.151,1,20051_5170_34448_222,juno.com/vmta_d_5170_176.57.208.151
d,success,2021-03-06 03:31:21+0300,2021-03-06 03:31:16+0300,newsletter@e.usmagazine.com,relayed,2.0.0 (success),smtp;250 OK id AABSEFVLUAXPDFAS,vmta_d_5170_176.57.208.151,1,20051_5170_34451_222,juno.com/vmta_d_5170_176.57.208.151
d,success,2021-03-06 03:31:24+0300,2021-03-06 03:31:17+0300,newsletter@e.usmagazine.com,relayed,2.0.0 (success),smtp;250 OK id AABSEFVLXAU9ECH2,vmta_d_5170_176.57.208.151,1,20051_5170_34452_222,juno.com/vmta_d_5170_176.57.208.151
d,success,2021-03-06 03:31:25+0300,2021-03-06 03:31:18+0300,newsletter@e.usmagazine.com,relayed,2.0.0 (success),smtp;250 OK id AABSEFVLYAND9R62,vmta_d_5170_176.57.208.151,1,20051_5170_34453_222,juno.com/vmta_d_5170_176.57.208.151
d,success,2021-03-06 03:31:26+0300,2021-03-06 03:31:19+0300,newsletter@e.usmagazine.com,relayed,2.0.0 (success),smtp;250 OK id AABSEFVLZAVC885S,vmta_d_5170_176.57.208.151,1,20051_5170_34454_222,juno.com/vmta_d_5170_176.57.208.151
d,success,2021-03-06 03:31:27+0300,2021-03-06 03:31:20+0300,newsletter@e.usmagazine.com,relayed,2.0.0 (success),smtp;250 OK id AABSEFVL2AKS5AFA,vmta_d_5170_176.57.208.151,1,20051_5170_34455_222,juno.com/vmta_d_5170_176.57.208.151
d,success,2021-03-06 03:31:28+0300,2021-03-06 03:31:21+0300,newsletter@e.usmagazine.com,relayed,2.0.0 (success),smtp;250 OK id AABSEFVL3AXGRH2S,vmta_d_5170_176.57.208.151,1,20051_5170_34456_222,juno.com/vmta_d_5170_176.57.208.151
d,success,2021-03-06 03:31:29+0300,2021-03-06 03:31:22+0300,newsletter@e.usmagazine.com,relayed,2.0.0 (success),smtp;250 OK id AABSEFVL4ANR2HUA,vmta_d_5170_176.57.208.151,1,20051_5170_34457_222,juno.com/vmta_d_5170_176.57.208.151
d,success,2021-03-06 03:31:30+0300,2021-03-06 03:31:23+0300,newsletter@e.usmagazine.com,relayed,2.0.0 (success),smtp;250 OK id AABSEFVL5AU3AYKJ,vmta_d_5170_176.57.208.151,1,20051_5170_34458_222,juno.com/vmta_d_5170_176.57.208.151
d,success,2021-03-06 03:31:31+0300,2021-03-06 03:31:24+0300,newsletter@e.usmagazine.com,relayed,2.0.0 (success),smtp;250 OK id AABSEFVL6AK6THZ2,vmta_d_5170_176.57.208.151,1,20051_5170_34459_222,juno.com/vmta_d_5170_176.57.208.151
d,success,2021-03-06 03:31:33+0300,2021-03-06 03:31:26+0300,newsletter@e.usmagazine.com,relayed,2.0.0 (success),smtp;250 OK id AABSEFVL8ANKB8ES,vmta_d_5170_176.57.208.151,1,20051_5170_34461_222,juno.com/vmta_d_5170_176.57.208.151
d,success,2021-03-06 03:31:35+0300,2021-03-06 03:31:28+0300,newsletter@e.usmagazine.com,relayed,2.0.0 (success),smtp;250 OK id AABSEFVMAAP8TG6J,vmta_d_5170_176.57.208.151,1,20051_5170_34463_222,juno.com/vmta_d_5170_176.57.208.151
d,success,2021-03-06 03:31:35+0300,2021-03-06 03:31:27+0300,newsletter@e.usmagazine.com,relayed,2.0.0 (success),smtp;250 OK id AABSEFVMAAUUHENA,vmta_d_5170_176.57.208.151,1,20051_5170_34462_222,juno.com/vmta_d_5170_176.57.208.151
d,success,2021-03-06 03:31:36+0300,2021-03-06 03:31:29+0300,newsletter@e.usmagazine.com,relayed,2.0.0 (success),smtp;250 OK id AABSEFVMBAU5344S,vmta_d_5170_176.57.208.151,1,20051_5170_34464_222,juno.com/vmta_d_5170_176.57.208.151
d,success,2021-03-06 03:31:39+0300,2021-03-06 03:31:32+0300,newsletter@e.usmagazine.com,relayed,2.0.0 (success),smtp;250 OK id AABSEFVMEAKKBL62,vmta_d_5170_176.57.208.151,1,20051_5170_34467_222,juno.com/vmta_d_5170_176.57.208.151
d,success,2021-03-06 03:31:39+0300,2021-03-06 03:31:31+0300,newsletter@e.usmagazine.com,relayed,2.0.0 (success),smtp;250 OK id AABSEFVMEAU6KFCA,vmta_d_5170_176.57.208.151,1,20051_5170_34466_222,juno.com/vmta_d_5170_176.57.208.151
d,success,2021-03-06 03:31:40+0300,2021-03-06 03:31:35+0300,newsletter@e.usmagazine.com,relayed,2.0.0 (success),smtp;250 OK id AABSEFVMFAE4Q832,vmta_d_5170_176.57.208.151,1,20051_5170_34470_222,juno.com/vmta_d_5170_176.57.208.151
d,success,2021-03-06 03:31:41+0300,2021-03-06 03:31:34+0300,newsletter@e.usmagazine.com,relayed,2.0.0 (success),smtp;250 OK id AABSEFVMGALJ6TFA,vmta_d_5170_176.57.208.151,1,20051_5170_34469_222,juno.com/vmta_d_5170_176.57.208.151
d,success,2021-03-06 03:31:46+0300,2021-03-06 03:31:40+0300,newsletter@e.usmagazine.com,relayed,2.0.0 (success),smtp;250 OK id AABSEFVMMAGEFJCJ,vmta_d_5170_176.57.208.151,1,20051_5170_34475_222,juno.com/vmta_d_5170_176.57.208.151
d,success,2021-03-06 03:31:51+0300,2021-03-06 03:31:44+0300,newsletter@e.usmagazine.com,relayed,2.0.0 (success),smtp;250 OK id AABSEFVMSAJ7LP4S,vmta_d_5170_176.57.208.151,1,20051_5170_34479_222,juno.com/vmta_d_5170_176.57.208.151
d,success,2021-03-06 03:31:52+0300,2021-03-06 03:31:45+0300,newsletter@e.usmagazine.com,relayed,2.0.0 (success),smtp;250 OK id AABSEFVMTAVQTHR2,vmta_d_5170_176.57.208.151,1,20051_5170_34480_222,juno.com/vmta_d_5170_176.57.208.151
d,success,2021-03-06 03:31:56+0300,2021-03-06 03:31:49+0300,newsletter@e.usmagazine.com,relayed,2.0.0 (success),smtp;250 OK id AABSEFVMXARWS792,vmta_d_5170_176.57.208.151,1,20051_5170_34484_222,juno.com/vmta_d_5170_176.57.208.151
d,success,2021-03-06 03:31:57+0300,2021-03-06 03:31:48+0300,newsletter@e.usmagazine.com,relayed,2.0.0 (success),smtp;250 OK id AABSEFVMXA3H87PS,vmta_d_5170_176.57.208.151,1,20051_5170_34483_222,juno.com/vmta_d_5170_176.57.208.151
d,success,2021-03-06 03:31:59+0300,2021-03-06 03:31:52+0300,newsletter@e.usmagazine.com,relayed,2.0.0 (success),smtp;250 OK id AABSEFVM2AKVNVRS,vmta_d_5170_176.57.208.151,1,20051_5170_34487_222,juno.com/vmta_d_5170_176.57.208.151
d,success,2021-03-06 03:32:00+0300,2021-03-06 03:31:53+0300,newsletter@e.usmagazine.com,relayed,2.0.0 (success),smtp;250 OK id AABSEFVM3AVRM4CS,vmta_d_5170_176.57.208.151,1,20051_5170_34488_222,juno.com/vmta_d_5170_176.57.208.151
d,success,2021-03-06 03:32:01+0300,2021-03-06 03:31:54+0300,newsletter@e.usmagazine.com,relayed,2.0.0 (success),smtp;250 OK id AABSEFVM4AJXDEBS,vmta_d_5170_176.57.208.151,1,20051_5170_34489_222,juno.com/vmta_d_5170_176.57.208.151
d,success,2021-03-06 03:32:04+0300,2021-03-06 03:31:57+0300,newsletter@e.usmagazine.com,relayed,2.0.0 (success),smtp;250 OK id AABSEFVM7AWS8L5A,vmta_d_5170_176.57.208.151,1,20051_5170_34492_222,juno.com/vmta_d_5170_176.57.208.151
d,success,2021-03-06 03:32:05+0300,2021-03-06 03:31:58+0300,newsletter@e.usmagazine.com,relayed,2.0.0 (success),smtp;250 OK id AABSEFVM8ALF65WJ,vmta_d_5170_176.57.208.151,1,20051_5170_34493_222,juno.com/vmta_d_5170_176.57.208.151
d,success,2021-03-06 03:32:07+0300,2021-03-06 03:32:00+0300,newsletter@e.usmagazine.com,relayed,2.0.0 (success),smtp;250 OK id AABSEFVNAAL3LGQJ,vmta_d_5170_176.57.208.151,1,20051_5170_34495_222,juno.com/vmta_d_5170_176.57.208.151
d,success,2021-03-06 03:32:07+0300,2021-03-06 03:31:59+0300,newsletter@e.usmagazine.com,relayed,2.0.0 (success),smtp;250 OK id AABSEFVNAAVSLHY2,vmta_d_5170_176.57.208.151,1,20051_5170_34494_222,juno.com/vmta_d_5170_176.57.208.151
d,success,2021-03-06 03:32:09+0300,2021-03-06 03:32:02+0300,newsletter@e.usmagazine.com,relayed,2.0.0 (success),smtp;250 OK id AABSEFVNCAMAQWAS,vmta_d_5170_176.57.208.151,1,20051_5170_34497_222,juno.com/vmta_d_5170_176.57.208.151
d,success,2021-03-06 03:32:10+0300,2021-03-06 03:32:03+0300,newsletter@e.usmagazine.com,relayed,2.0.0 (success),smtp;250 OK id AABSEFVNDAV5TP5J,vmta_d_5170_176.57.208.151,1,20051_5170_34498_222,juno.com/vmta_d_5170_176.57.208.151
d,success,2021-03-06 03:32:13+0300,2021-03-06 03:32:06+0300,newsletter@e.usmagazine.com,relayed,2.0.0 (success),smtp;250 OK id AABSEFVNGAQTAVYA,vmta_d_5170_176.57.208.151,1,20051_5170_34501_222,juno.com/vmta_d_5170_176.57.208.151
d,success,2021-03-06 03:32:13+0300,2021-03-06 03:32:05+0300,newsletter@e.usmagazine.com,relayed,2.0.0 (success),smtp;250 OK id AABSEFVNGAWH7RX2,vmta_d_5170_176.57.208.151,1,20051_5170_34500_222,juno.com/vmta_d_5170_176.57.208.151
d,success,2021-03-06 03:32:15+0300,2021-03-06 03:32:09+0300,newsletter@e.usmagazine.com,relayed,2.0.0 (success),smtp;250 OK id AABSEFVNJAEPHSA2,vmta_d_5170_176.57.208.151,1,20051_5170_34504_222,juno.com/vmta_d_5170_176.57.208.151
d,success,2021-03-06 03:32:15+0300,2021-03-06 03:32:08+0300,newsletter@e.usmagazine.com,relayed,2.0.0 (success),smtp;250 OK id AABSEFVNJA2SZEWS,vmta_d_5170_176.57.208.151,1,20051_5170_34503_222,juno.com/vmta_d_5170_176.57.208.151
d,success,2021-03-06 03:32:17+0300,2021-03-06 03:32:10+0300,newsletter@e.usmagazine.com,relayed,2.0.0 (success),smtp;250 OK id AABSEFVNLAPSWTNS,vmta_d_5170_176.57.208.151,1,20051_5170_34505_222,juno.com/vmta_d_5170_176.57.208.151
d,success,2021-03-06 03:32:19+0300,2021-03-06 03:32:12+0300,newsletter@e.usmagazine.com,relayed,2.0.0 (success),smtp;250 OK id AABSEFVNNAQ4UBEA,vmta_d_5170_176.57.208.151,1,20051_5170_34507_222,juno.com/vmta_d_5170_176.57.208.151
d,success,2021-03-06 03:32:21+0300,2021-03-06 03:32:13+0300,newsletter@e.usmagazine.com,relayed,2.0.0 (success),smtp;250 OK id AABSEFVNPA2GFEHS,vmta_d_5170_176.57.208.151,1,20051_5170_34508_222,juno.com/vmta_d_5170_176.57.208.151
d,success,2021-03-06 03:32:21+0300,2021-03-06 03:32:14+0300,newsletter@e.usmagazine.com,relayed,2.0.0 (success),smtp;250 OK id AABSEFVNQARKZ3CJ,vmta_d_5170_176.57.208.151,1,20051_5170_34509_222,juno.com/vmta_d_5170_176.57.208.151
d,success,2021-03-06 03:32:22+0300,2021-03-06 03:32:15+0300,newsletter@e.usmagazine.com,relayed,2.0.0 (success),smtp;250 OK id AABSEFVNRA2CV3KA,vmta_d_5170_176.57.208.151,1,20051_5170_34510_222,juno.com/vmta_d_5170_176.57.208.151
d,success,2021-03-06 03:32:23+0300,2021-03-06 03:32:16+0300,newsletter@e.usmagazine.com,relayed,2.0.0 (success),smtp;250 OK id AABSEFVNSAKVLLH2,vmta_d_5170_176.57.208.151,1,20051_5170_34511_222,juno.com/vmta_d_5170_176.57.208.151
d,success,2021-03-06 03:32:24+0300,2021-03-06 03:32:17+0300,newsletter@e.usmagazine.com,relayed,2.0.0 (success),smtp;250 OK id AABSEFVNTAZ7TMBJ,vmta_d_5170_176.57.208.151,1,20051_5170_34512_222,juno.com/vmta_d_5170_176.57.208.151
d,success,2021-03-06 03:32:27+0300,2021-03-06 03:32:19+0300,newsletter@e.usmagazine.com,relayed,2.0.0 (success),smtp;250 OK id AABSEFVNVA3CRMJJ,vmta_d_5170_176.57.208.151,1,20051_5170_34514_222,juno.com/vmta_d_5170_176.57.208.151
d,success,2021-03-06 03:32:27+0300,2021-03-06 03:32:20+0300,newsletter@e.usmagazine.com,relayed,2.0.0 (success),smtp;250 OK id AABSEFVNWAMM4QVA,vmta_d_5170_176.57.208.151,1,20051_5170_34515_222,juno.com/vmta_d_5170_176.57.208.151
d,success,2021-03-06 03:32:28+0300,2021-03-06 03:32:21+0300,newsletter@e.usmagazine.com,relayed,2.0.0 (success),smtp;250 OK id AABSEFVNXAXFKWWS,vmta_d_5170_176.57.208.151,1,20051_5170_34516_222,juno.com/vmta_d_5170_176.57.208.151
d,success,2021-03-06 03:32:29+0300,2021-03-06 03:32:22+0300,newsletter@e.usmagazine.com,relayed,2.0.0 (success),smtp;250 OK id AABSEFVNYAQH624J,vmta_d_5170_176.57.208.151,1,20051_5170_34517_222,juno.com/vmta_d_5170_176.57.208.151
d,success,2021-03-06 03:32:30+0300,2021-03-06 03:32:23+0300,newsletter@e.usmagazine.com,relayed,2.0.0 (success),smtp;250 OK id AABSEFVNZAXE6Q2S,vmta_d_5170_176.57.208.151,1,20051_5170_34518_222,juno.com/vmta_d_5170_176.57.208.151
d,success,2021-03-06 03:32:32+0300,2021-03-06 03:32:25+0300,newsletter@e.usmagazine.com,relayed,2.0.0 (success),smtp;250 OK id AABSEFVN3AXAQYWJ,vmta_d_5170_176.57.208.151,1,20051_5170_34520_222,juno.com/vmta_d_5170_176.57.208.151
d,success,2021-03-06 03:32:33+0300,2021-03-06 03:32:26+0300,newsletter@e.usmagazine.com,relayed,2.0.0 (success),smtp;250 OK id AABSEFVN4AMHJL4A,vmta_d_5170_176.57.208.151,1,20051_5170_34521_222,juno.com/vmta_d_5170_176.57.208.151
d,success,2021-03-06 03:32:35+0300,2021-03-06 03:32:28+0300,newsletter@e.usmagazine.com,relayed,2.0.0 (success),smtp;250 OK id AABSEFVN6ALWG372,vmta_d_5170_176.57.208.151,1,20051_5170_34523_222,juno.com/vmta_d_5170_176.57.208.151
d,success,2021-03-06 03:32:35+0300,2021-03-06 03:32:27+0300,newsletter@e.usmagazine.com,relayed,2.0.0 (success),smtp;250 OK id AABSEFVN6AXG79QJ,vmta_d_5170_176.57.208.151,1,20051_5170_34522_222,juno.com/vmta_d_5170_176.57.208.151
d,success,2021-03-06 03:32:36+0300,2021-03-06 03:32:29+0300,newsletter@e.usmagazine.com,relayed,2.0.0 (success),smtp;250 OK id AABSEFVN7AWHCCZJ,vmta_d_5170_176.57.208.151,1,20051_5170_34524_222,juno.com/vmta_d_5170_176.57.208.151
d,success,2021-03-06 03:32:37+0300,2021-03-06 03:32:30+0300,newsletter@e.usmagazine.com,relayed,2.0.0 (success),smtp;250 OK id AABSEFVN8AQC8QPJ,vmta_d_5170_176.57.208.151,1,20051_5170_34525_222,juno.com/vmta_d_5170_176.57.208.151
d,success,2021-03-06 03:32:39+0300,2021-03-06 03:32:32+0300,newsletter@e.usmagazine.com,relayed,2.0.0 (success),smtp;250 OK id AABSEFVPAASGS6XA,vmta_d_5170_176.57.208.151,1,20051_5170_34527_222,juno.com/vmta_d_5170_176.57.208.151
d,success,2021-03-06 03:32:40+0300,2021-03-06 03:32:35+0300,newsletter@e.usmagazine.com,relayed,2.0.0 (success),smtp;250 OK id AABSEFVPBAQT6XE2,vmta_d_5170_176.57.208.151,1,20051_5170_34530_222,juno.com/vmta_d_5170_176.57.208.151
d,success,2021-03-06 03:32:41+0300,2021-03-06 03:32:34+0300,newsletter@e.usmagazine.com,relayed,2.0.0 (success),smtp;250 OK id AABSEFVPCAP2EW9S,vmta_d_5170_176.57.208.151,1,20051_5170_34529_222,juno.com/vmta_d_5170_176.57.208.151
d,success,2021-03-06 03:32:41+0300,2021-03-06 03:32:33+0300,newsletter@e.usmagazine.com,relayed,2.0.0 (success),smtp;250 OK id AABSEFVPCAWYKWKJ,vmta_d_5170_176.57.208.151,1,20051_5170_34528_222,juno.com/vmta_d_5170_176.57.208.151
d,success,2021-03-06 03:32:43+0300,2021-03-06 03:32:36+0300,newsletter@e.usmagazine.com,relayed,2.0.0 (success),smtp;250 OK id AABSEFVPEAWNKLKJ,vmta_d_5170_176.57.208.151,1,20051_5170_34531_222,juno.com/vmta_d_5170_176.57.208.151
d,success,2021-03-06 03:32:46+0300,2021-03-06 03:32:39+0300,newsletter@e.usmagazine.com,relayed,2.0.0 (success),smtp;250 OK id AABSEFVPHAPYFRSA,vmta_d_5170_176.57.208.151,1,20051_5170_34534_222,juno.com/vmta_d_5170_176.57.208.151
d,success,2021-03-06 03:32:48+0300,2021-03-06 03:32:41+0300,newsletter@e.usmagazine.com,relayed,2.0.0 (success),smtp;250 OK id AABSEFVPKALJELZ2,vmta_d_5170_176.57.208.151,1,20051_5170_34536_222,juno.com/vmta_d_5170_176.57.208.151
d,success,2021-03-06 03:32:48+0300,2021-03-06 03:32:43+0300,newsletter@e.usmagazine.com,relayed,2.0.0 (success),smtp;250 OK id AABSEFVPKAN73XN2,vmta_d_5170_176.57.208.151,1,20051_5170_34538_222,juno.com/vmta_d_5170_176.57.208.151
d,success,2021-03-06 03:32:49+0300,2021-03-06 03:32:42+0300,newsletter@e.usmagazine.com,relayed,2.0.0 (success),smtp;250 OK id AABSEFVPLAW5FUS2,vmta_d_5170_176.57.208.151,1,20051_5170_34537_222,juno.com/vmta_d_5170_176.57.208.151
d,success,2021-03-06 03:32:51+0300,2021-03-06 03:32:44+0300,newsletter@e.usmagazine.com,relayed,2.0.0 (success),smtp;250 OK id AABSEFVPNANJJE8J,vmta_d_5170_176.57.208.151,1,20051_5170_34539_222,juno.com/vmta_d_5170_176.57.208.151
d,success,2021-03-06 03:32:53+0300,2021-03-06 03:32:46+0300,newsletter@e.usmagazine.com,relayed,2.0.0 (success),smtp;250 OK id AABSEFVPQANUYKLS,vmta_d_5170_176.57.208.151,1,20051_5170_34541_222,juno.com/vmta_d_5170_176.57.208.151
d,success,2021-03-06 03:32:54+0300,2021-03-06 03:32:45+0300,newsletter@e.usmagazine.com,relayed,2.0.0 (success),smtp;250 OK id AABSEFVPQAW9V9FJ,vmta_d_5170_176.57.208.151,1,20051_5170_34540_222,juno.com/vmta_d_5170_176.57.208.151
d,success,2021-03-06 03:32:55+0300,2021-03-06 03:32:48+0300,newsletter@e.usmagazine.com,relayed,2.0.0 (success),smtp;250 OK id AABSEFVPSAQZ8VGS,vmta_d_5170_176.57.208.151,1,20051_5170_34543_222,juno.com/vmta_d_5170_176.57.208.151
d,success,2021-03-06 03:32:57+0300,2021-03-06 03:32:49+0300,newsletter@e.usmagazine.com,relayed,2.0.0 (success),smtp;250 OK id AABSEFVPTAX5NBEJ,vmta_d_5170_176.57.208.151,1,20051_5170_34544_222,juno.com/vmta_d_5170_176.57.208.151
d,success,2021-03-06 03:32:57+0300,2021-03-06 03:32:51+0300,newsletter@e.usmagazine.com,relayed,2.0.0 (success),smtp;250 OK id AABSEFVPUAJHQMRS,vmta_d_5170_176.57.208.151,1,20051_5170_34546_222,juno.com/vmta_d_5170_176.57.208.151
d,success,2021-03-06 03:32:57+0300,2021-03-06 03:32:50+0300,newsletter@e.usmagazine.com,relayed,2.0.0 (success),smtp;250 OK id AABSEFVPUARVTFNS,vmta_d_5170_176.57.208.151,1,20051_5170_34545_222,juno.com/vmta_d_5170_176.57.208.151
d,success,2021-03-06 03:32:59+0300,2021-03-06 03:32:53+0300,newsletter@e.usmagazine.com,relayed,2.0.0 (success),smtp;250 OK id AABSEFVPVA55BUUJ,vmta_d_5170_176.57.208.151,1,20051_5170_34548_222,juno.com/vmta_d_5170_176.57.208.151
d,success,2021-03-06 03:32:59+0300,2021-03-06 03:32:52+0300,newsletter@e.usmagazine.com,relayed,2.0.0 (success),smtp;250 OK id AABSEFVPWAXHVBJ2,vmta_d_5170_176.57.208.151,1,20051_5170_34547_222,juno.com/vmta_d_5170_176.57.208.151
d,success,2021-03-06 03:33:01+0300,2021-03-06 03:32:54+0300,newsletter@e.usmagazine.com,relayed,2.0.0 (success),smtp;250 OK id AABSEFVPYAQAP4L2,vmta_d_5170_176.57.208.151,1,20051_5170_34549_222,juno.com/vmta_d_5170_176.57.208.151
d,success,2021-03-06 03:33:02+0300,2021-03-06 03:32:57+0300,newsletter@e.usmagazine.com,relayed,2.0.0 (success),smtp;250 OK id AABSEFVPZAFKMBF2,vmta_d_5170_176.57.208.151,1,20051_5170_34552_222,juno.com/vmta_d_5170_176.57.208.151
d,success,2021-03-06 03:33:02+0300,2021-03-06 03:32:55+0300,newsletter@e.usmagazine.com,relayed,2.0.0 (success),smtp;250 OK id AABSEFVPZAXRBFNS,vmta_d_5170_176.57.208.151,1,20051_5170_34550_222,juno.com/vmta_d_5170_176.57.208.151
d,success,2021-03-06 03:33:03+0300,2021-03-06 03:32:56+0300,newsletter@e.usmagazine.com,relayed,2.0.0 (success),smtp;250 OK id AABSEFVP2AMM7AWA,vmta_d_5170_176.57.208.151,1,20051_5170_34551_222,juno.com/vmta_d_5170_176.57.208.151
d,success,2021-03-06 03:33:05+0300,2021-03-06 03:32:58+0300,newsletter@e.usmagazine.com,relayed,2.0.0 (success),smtp;250 OK id AABSEFVP4AXLEXUS,vmta_d_5170_176.57.208.151,1,20051_5170_34553_222,juno.com/vmta_d_5170_176.57.208.151
d,success,2021-03-06 03:33:06+0300,2021-03-06 03:32:59+0300,newsletter@e.usmagazine.com,relayed,2.0.0 (success),smtp;250 OK id AABSEFVP5AR2M8SS,vmta_d_5170_176.57.208.151,1,20051_5170_34554_222,juno.com/vmta_d_5170_176.57.208.151
d,success,2021-03-06 03:33:07+0300,2021-03-06 03:33:00+0300,newsletter@e.usmagazine.com,relayed,2.0.0 (success),smtp;250 OK id AABSEFVP6AYGMPJ2,vmta_d_5170_176.57.208.151,1,20051_5170_34555_222,juno.com/vmta_d_5170_176.57.208.151
d,success,2021-03-06 03:33:10+0300,2021-03-06 03:33:02+0300,newsletter@e.usmagazine.com,relayed,2.0.0 (success),smtp;250 OK id AABSEFVP8A4DUWZA,vmta_d_5170_176.57.208.151,1,20051_5170_34557_222,juno.com/vmta_d_5170_176.57.208.151
d,success,2021-03-06 03:33:12+0300,2021-03-06 03:33:05+0300,newsletter@e.usmagazine.com,relayed,2.0.0 (success),smtp;250 OK id AABSEFVQBASGVM2J,vmta_d_5170_176.57.208.151,1,20051_5170_34560_222,juno.com/vmta_d_5170_176.57.208.151
d,success,2021-03-06 03:33:15+0300,2021-03-06 03:33:08+0300,newsletter@e.usmagazine.com,relayed,2.0.0 (success),smtp;250 OK id AABSEFVQEAXV3XJ2,vmta_d_5170_176.57.208.151,1,20051_5170_34563_222,juno.com/vmta_d_5170_176.57.208.151
d,success,2021-03-06 03:33:16+0300,2021-03-06 03:33:09+0300,newsletter@e.usmagazine.com,relayed,2.0.0 (success),smtp;250 OK id AABSEFVQFAMEKH5A,vmta_d_5170_176.57.208.151,1,20051_5170_34564_222,juno.com/vmta_d_5170_176.57.208.151
d,success,2021-03-06 03:33:17+0300,2021-03-06 03:33:10+0300,newsletter@e.usmagazine.com,relayed,2.0.0 (success),smtp;250 OK id AABSEFVQGAXPV3H2,vmta_d_5170_176.57.208.151,1,20051_5170_34565_222,juno.com/vmta_d_5170_176.57.208.151
d,success,2021-03-06 03:33:18+0300,2021-03-06 03:33:11+0300,newsletter@e.usmagazine.com,relayed,2.0.0 (success),smtp;250 OK id AABSEFVQHALLURZA,vmta_d_5170_176.57.208.151,1,20051_5170_34566_222,juno.com/vmta_d_5170_176.57.208.151
d,success,2021-03-06 03:33:20+0300,2021-03-06 03:33:12+0300,newsletter@e.usmagazine.com,relayed,2.0.0 (success),smtp;250 OK id AABSEFVQJA3WFFYS,vmta_d_5170_176.57.208.151,1,20051_5170_34567_222,juno.com/vmta_d_5170_176.57.208.151
d,success,2021-03-06 03:33:24+0300,2021-03-06 03:33:16+0300,newsletter@e.usmagazine.com,relayed,2.0.0 (success),smtp;250 OK id AABSEFVQNA46DR8S,vmta_d_5170_176.57.208.151,1,20051_5170_34571_222,juno.com/vmta_d_5170_176.57.208.151
d,success,2021-03-06 03:33:25+0300,2021-03-06 03:33:18+0300,newsletter@e.usmagazine.com,relayed,2.0.0 (success),smtp;250 OK id AABSEFVQQAYYCP8S,vmta_d_5170_176.57.208.151,1,20051_5170_34573_222,juno.com/vmta_d_5170_176.57.208.151
d,success,2021-03-06 03:33:26+0300,2021-03-06 03:33:19+0300,newsletter@e.usmagazine.com,relayed,2.0.0 (success),smtp;250 OK id AABSEFVQRAQ8R6RA,vmta_d_5170_176.57.208.151,1,20051_5170_34574_222,juno.com/vmta_d_5170_176.57.208.151
d,success,2021-03-06 03:33:28+0300,2021-03-06 03:33:20+0300,newsletter@e.usmagazine.com,relayed,2.0.0 (success),smtp;250 OK id AABSEFVQSA4F9G7J,vmta_d_5170_176.57.208.151,1,20051_5170_34575_222,juno.com/vmta_d_5170_176.57.208.151
d,success,2021-03-06 03:33:28+0300,2021-03-06 03:33:21+0300,newsletter@e.usmagazine.com,relayed,2.0.0 (success),smtp;250 OK id AABSEFVQTANH2Q92,vmta_d_5170_176.57.208.151,1,20051_5170_34576_222,juno.com/vmta_d_5170_176.57.208.151
d,success,2021-03-06 03:33:29+0300,2021-03-06 03:33:22+0300,newsletter@e.usmagazine.com,relayed,2.0.0 (success),smtp;250 OK id AABSEFVQUAX7F7XS,vmta_d_5170_176.57.208.151,1,20051_5170_34577_222,juno.com/vmta_d_5170_176.57.208.151
d,success,2021-03-06 03:33:31+0300,2021-03-06 03:33:24+0300,newsletter@e.usmagazine.com,relayed,2.0.0 (success),smtp;250 OK id AABSEFVQWAXZGTW2,vmta_d_5170_176.57.208.151,1,20051_5170_34579_222,juno.com/vmta_d_5170_176.57.208.151
d,success,2021-03-06 03:33:33+0300,2021-03-06 03:33:26+0300,newsletter@e.usmagazine.com,relayed,2.0.0 (success),smtp;250 OK id AABSEFVQYAM837CJ,vmta_d_5170_176.57.208.151,1,20051_5170_34581_222,juno.com/vmta_d_5170_176.57.208.151
d,success,2021-03-06 03:33:35+0300,2021-03-06 03:33:27+0300,newsletter@e.usmagazine.com,relayed,2.0.0 (success),smtp;250 OK id AABSEFVQZA5YMP6J,vmta_d_5170_176.57.208.151,1,20051_5170_34582_222,juno.com/vmta_d_5170_176.57.208.151
d,success,2021-03-06 03:33:36+0300,2021-03-06 03:33:29+0300,newsletter@e.usmagazine.com,relayed,2.0.0 (success),smtp;250 OK id AABSEFVQ3AZAM762,vmta_d_5170_176.57.208.151,1,20051_5170_34584_222,juno.com/vmta_d_5170_176.57.208.151
d,success,2021-03-06 03:33:41+0300,2021-03-06 03:33:36+0300,newsletter@e.usmagazine.com,relayed,2.0.0 (success),smtp;250 OK id AABSEFVQ8APEXST2,vmta_d_5170_176.57.208.151,1,20051_5170_34591_222,juno.com/vmta_d_5170_176.57.208.151
d,success,2021-03-06 03:33:42+0300,2021-03-06 03:33:34+0300,newsletter@e.usmagazine.com,relayed,2.0.0 (success),smtp;250 OK id AABSEFVQ8A4WHRSA,vmta_d_5170_176.57.208.151,1,20051_5170_34589_222,juno.com/vmta_d_5170_176.57.208.151
d,success,2021-03-06 03:33:42+0300,2021-03-06 03:33:35+0300,newsletter@e.usmagazine.com,relayed,2.0.0 (success),smtp;250 OK id AABSEFVQ9AS4YYXS,vmta_d_5170_176.57.208.151,1,20051_5170_34590_222,juno.com/vmta_d_5170_176.57.208.151
d,success,2021-03-06 03:33:45+0300,2021-03-06 03:33:38+0300,newsletter@e.usmagazine.com,relayed,2.0.0 (success),smtp;250 OK id AABSEFVRCATD3EV2,vmta_d_5170_176.57.208.151,1,20051_5170_34593_222,juno.com/vmta_d_5170_176.57.208.151
d,success,2021-03-06 03:33:47+0300,2021-03-06 03:33:39+0300,newsletter@e.usmagazine.com,relayed,2.0.0 (success),smtp;250 OK id AABSEFVRDA5MPK3A,vmta_d_5170_176.57.208.151,1,20051_5170_34594_222,juno.com/vmta_d_5170_176.57.208.151
d,success,2021-03-06 03:33:47+0300,2021-03-06 03:33:40+0300,newsletter@e.usmagazine.com,relayed,2.0.0 (success),smtp;250 OK id AABSEFVREAQFPK5J,vmta_d_5170_176.57.208.151,1,20051_5170_34595_222,juno.com/vmta_d_5170_176.57.208.151
d,success,2021-03-06 03:33:51+0300,2021-03-06 03:33:44+0300,newsletter@e.usmagazine.com,relayed,2.0.0 (success),smtp;250 OK id AABSEFVRJAZPHL8A,vmta_d_5170_176.57.208.151,1,20051_5170_34599_222,juno.com/vmta_d_5170_176.57.208.151
d,success,2021-03-06 03:33:52+0300,2021-03-06 03:33:45+0300,newsletter@e.usmagazine.com,relayed,2.0.0 (success),smtp;250 OK id AABSEFVRKANAXVHJ,vmta_d_5170_176.57.208.151,1,20051_5170_34600_222,juno.com/vmta_d_5170_176.57.208.151
d,success,2021-03-06 03:33:54+0300,2021-03-06 03:33:46+0300,newsletter@e.usmagazine.com,relayed,2.0.0 (success),smtp;250 OK id AABSEFVRLA2AL4LJ,vmta_d_5170_176.57.208.151,1,20051_5170_34601_222,juno.com/vmta_d_5170_176.57.208.151
d,success,2021-03-06 03:33:56+0300,2021-03-06 03:33:49+0300,newsletter@e.usmagazine.com,relayed,2.0.0 (success),smtp;250 OK id AABSEFVRPATMFJKA,vmta_d_5170_176.57.208.151,1,20051_5170_34604_222,juno.com/vmta_d_5170_176.57.208.151
d,success,2021-03-06 03:33:58+0300,2021-03-06 03:33:51+0300,newsletter@e.usmagazine.com,relayed,2.0.0 (success),smtp;250 OK id AABSEFVRRATKJLC2,vmta_d_5170_176.57.208.151,1,20051_5170_34606_222,juno.com/vmta_d_5170_176.57.208.151
d,success,2021-03-06 03:34:00+0300,2021-03-06 03:33:53+0300,newsletter@e.usmagazine.com,relayed,2.0.0 (success),smtp;250 OK id AABSEFVRTANAMHGJ,vmta_d_5170_176.57.208.151,1,20051_5170_34608_222,juno.com/vmta_d_5170_176.57.208.151
d,success,2021-03-06 03:34:00+0300,2021-03-06 03:33:53+0300,newsletter@e.usmagazine.com,relayed,2.0.0 (success),smtp;250 OK id AABSEFVRTAZ7L88A,vmta_d_5170_176.57.208.151,1,20051_5170_34607_222,juno.com/vmta_d_5170_176.57.208.151
d,success,2021-03-06 03:34:01+0300,2021-03-06 03:33:54+0300,newsletter@e.usmagazine.com,relayed,2.0.0 (success),smtp;250 OK id AABSEFVRUAY6QKNS,vmta_d_5170_176.57.208.151,1,20051_5170_34609_222,juno.com/vmta_d_5170_176.57.208.151
d,success,2021-03-06 03:34:02+0300,2021-03-06 03:33:55+0300,newsletter@e.usmagazine.com,relayed,2.0.0 (success),smtp;250 OK id AABSEFVRVAR9LPXA,vmta_d_5170_176.57.208.151,1,20051_5170_34610_222,juno.com/vmta_d_5170_176.57.208.151
d,success,2021-03-06 03:34:05+0300,2021-03-06 03:33:58+0300,newsletter@e.usmagazine.com,relayed,2.0.0 (success),smtp;250 OK id AABSEFVRYANUFQJS,vmta_d_5170_176.57.208.151,1,20051_5170_34612_222,juno.com/vmta_d_5170_176.57.208.151
d,success,2021-03-06 03:34:05+0300,2021-03-06 03:33:58+0300,newsletter@e.usmagazine.com,relayed,2.0.0 (success),smtp;250 OK id AABSEFVRYAY27EKS,vmta_d_5170_176.57.208.151,1,20051_5170_34613_222,juno.com/vmta_d_5170_176.57.208.151
d,success,2021-03-06 03:34:06+0300,2021-03-06 03:34:01+0300,newsletter@e.usmagazine.com,relayed,2.0.0 (success),smtp;250 OK id AABSEFVRZARZ546S,vmta_d_5170_176.57.208.151,1,20051_5170_34616_222,juno.com/vmta_d_5170_176.57.208.151
d,success,2021-03-06 03:34:06+0300,2021-03-06 03:33:59+0300,newsletter@e.usmagazine.com,relayed,2.0.0 (success),smtp;250 OK id AABSEFVRZATZBJQA,vmta_d_5170_176.57.208.151,1,20051_5170_34614_222,juno.com/vmta_d_5170_176.57.208.151
d,success,2021-03-06 03:34:07+0300,2021-03-06 03:34:00+0300,newsletter@e.usmagazine.com,relayed,2.0.0 (success),smtp;250 OK id AABSEFVR2AZD539J,vmta_d_5170_176.57.208.151,1,20051_5170_34615_222,juno.com/vmta_d_5170_176.57.208.151
d,success,2021-03-06 03:34:09+0300,2021-03-06 03:34:02+0300,newsletter@e.usmagazine.com,relayed,2.0.0 (success),smtp;250 OK id AABSEFVR4AT2VXZA,vmta_d_5170_176.57.208.151,1,20051_5170_34617_222,juno.com/vmta_d_5170_176.57.208.151
d,success,2021-03-06 03:34:10+0300,2021-03-06 03:34:05+0300,newsletter@e.usmagazine.com,relayed,2.0.0 (success),smtp;250 OK id AABSEFVR5ARLHW6J,vmta_d_5170_176.57.208.151,1,20051_5170_34620_222,juno.com/vmta_d_5170_176.57.208.151
d,success,2021-03-06 03:34:10+0300,2021-03-06 03:34:03+0300,newsletter@e.usmagazine.com,relayed,2.0.0 (success),smtp;250 OK id AABSEFVR5AY928RJ,vmta_d_5170_176.57.208.151,1,20051_5170_34618_222,juno.com/vmta_d_5170_176.57.208.151
d,success,2021-03-06 03:34:14+0300,2021-03-06 03:34:06+0300,newsletter@e.usmagazine.com,relayed,2.0.0 (success),smtp;250 OK id AABSEFVR8A5J2DHA,vmta_d_5170_176.57.208.151,1,20051_5170_34621_222,juno.com/vmta_d_5170_176.57.208.151
d,success,2021-03-06 03:34:16+0300,2021-03-06 03:34:08+0300,newsletter@e.usmagazine.com,relayed,2.0.0 (success),smtp;250 OK id AABSEFVSAA5KUHFA,vmta_d_5170_176.57.208.151,1,20051_5170_34623_222,juno.com/vmta_d_5170_176.57.208.151
d,success,2021-03-06 03:34:20+0300,2021-03-06 03:34:12+0300,newsletter@e.usmagazine.com,relayed,2.0.0 (success),smtp;250 OK id AABSEFVSEA5TMQZ2,vmta_d_5170_176.57.208.151,1,20051_5170_34627_222,juno.com/vmta_d_5170_176.57.208.151
d,success,2021-03-06 03:34:21+0300,2021-03-06 03:34:14+0300,newsletter@e.usmagazine.com,relayed,2.0.0 (success),smtp;250 OK id AABSEFVSGAZTE3U2,vmta_d_5170_176.57.208.151,1,20051_5170_34629_222,juno.com/vmta_d_5170_176.57.208.151
d,success,2021-03-06 03:34:23+0300,2021-03-06 03:34:16+0300,newsletter@e.usmagazine.com,relayed,2.0.0 (success),smtp;250 OK id AABSEFVSJAS5UDWA,vmta_d_5170_176.57.208.151,1,20051_5170_34631_222,juno.com/vmta_d_5170_176.57.208.151
d,success,2021-03-06 03:34:25+0300,2021-03-06 03:34:17+0300,newsletter@e.usmagazine.com,relayed,2.0.0 (success),smtp;250 OK id AABSEFVSKA5Z2WFS,vmta_d_5170_176.57.208.151,1,20051_5170_34632_222,juno.com/vmta_d_5170_176.57.208.151
d,success,2021-03-06 03:34:27+0300,2021-03-06 03:34:19+0300,newsletter@e.usmagazine.com,relayed,2.0.0 (success),smtp;250 OK id AABSEFVSMA6U34YJ,vmta_d_5170_176.57.208.151,1,20051_5170_34634_222,juno.com/vmta_d_5170_176.57.208.151
d,success,2021-03-06 03:34:28+0300,2021-03-06 03:34:21+0300,newsletter@e.usmagazine.com,relayed,2.0.0 (success),smtp;250 OK id AABSEFVSPA2E4T72,vmta_d_5170_176.57.208.151,1,20051_5170_34636_222,juno.com/vmta_d_5170_176.57.208.151
d,success,2021-03-06 03:34:30+0300,2021-03-06 03:34:23+0300,newsletter@e.usmagazine.com,relayed,2.0.0 (success),smtp;250 OK id AABSEFVSRAZZ5L4J,vmta_d_5170_176.57.208.151,1,20051_5170_34638_222,juno.com/vmta_d_5170_176.57.208.151
d,success,2021-03-06 03:34:32+0300,2021-03-06 03:34:25+0300,newsletter@e.usmagazine.com,relayed,2.0.0 (success),smtp;250 OK id AABSEFVSTAZNTADA,vmta_d_5170_176.57.208.151,1,20051_5170_34640_222,juno.com/vmta_d_5170_176.57.208.151
d,success,2021-03-06 03:34:35+0300,2021-03-06 03:34:27+0300,newsletter@e.usmagazine.com,relayed,2.0.0 (success),smtp;250 OK id AABSEFVSVA6CVH9A,vmta_d_5170_176.57.208.151,1,20051_5170_34642_222,juno.com/vmta_d_5170_176.57.208.151
d,success,2021-03-06 03:34:38+0300,2021-03-06 03:34:29+0300,newsletter@e.usmagazine.com,relayed,2.0.0 (success),smtp;250 OK id AABSEFVSYA7W8HZJ,vmta_d_5170_176.57.208.151,1,20051_5170_34644_222,juno.com/vmta_d_5170_176.57.208.151
d,success,2021-03-06 03:34:39+0300,2021-03-06 03:34:32+0300,newsletter@e.usmagazine.com,relayed,2.0.0 (success),smtp;250 OK id AABSEFVS2AQANFVJ,vmta_d_5170_176.57.208.151,1,20051_5170_34647_222,juno.com/vmta_d_5170_176.57.208.151
d,success,2021-03-06 03:34:39+0300,2021-03-06 03:34:31+0300,newsletter@e.usmagazine.com,relayed,2.0.0 (success),smtp;250 OK id AABSEFVS2AU53HKS,vmta_d_5170_176.57.208.151,1,20051_5170_34646_222,juno.com/vmta_d_5170_176.57.208.151
d,success,2021-03-06 03:34:41+0300,2021-03-06 03:34:34+0300,newsletter@e.usmagazine.com,relayed,2.0.0 (success),smtp;250 OK id AABSEFVS4AP2T542,vmta_d_5170_176.57.208.151,1,20051_5170_34649_222,juno.com/vmta_d_5170_176.57.208.151
d,success,2021-03-06 03:34:43+0300,2021-03-06 03:34:36+0300,newsletter@e.usmagazine.com,relayed,2.0.0 (success),smtp;250 OK id AABSEFVS6APF9HSS,vmta_d_5170_176.57.208.151,1,20051_5170_34651_222,juno.com/vmta_d_5170_176.57.208.151
d,success,2021-03-06 03:34:45+0300,2021-03-06 03:34:37+0300,newsletter@e.usmagazine.com,relayed,2.0.0 (success),smtp;250 OK id AABSEFVS7A7FRF72,vmta_d_5170_176.57.208.151,1,20051_5170_34652_222,juno.com/vmta_d_5170_176.57.208.151
d,success,2021-03-06 03:34:46+0300,2021-03-06 03:34:38+0300,newsletter@e.usmagazine.com,relayed,2.0.0 (success),smtp;250 OK id AABSEFVS8APG5BFJ,vmta_d_5170_176.57.208.151,1,20051_5170_34653_222,juno.com/vmta_d_5170_176.57.208.151
d,success,2021-03-06 03:34:47+0300,2021-03-06 03:34:41+0300,newsletter@e.usmagazine.com,relayed,2.0.0 (success),smtp;250 OK id AABSEFVTAACFX2TJ,vmta_d_5170_176.57.208.151,1,20051_5170_34656_222,juno.com/vmta_d_5170_176.57.208.151
d,success,2021-03-06 03:34:48+0300,2021-03-06 03:34:40+0300,newsletter@e.usmagazine.com,relayed,2.0.0 (success),smtp;250 OK id AABSEFVTAA67PHBS,vmta_d_5170_176.57.208.151,1,20051_5170_34655_222,juno.com/vmta_d_5170_176.57.208.151
d,success,2021-03-06 03:34:49+0300,2021-03-06 03:34:42+0300,newsletter@e.usmagazine.com,relayed,2.0.0 (success),smtp;250 OK id AABSEFVTCAQP79QA,vmta_d_5170_176.57.208.151,1,20051_5170_34657_222,juno.com/vmta_d_5170_176.57.208.151
d,success,2021-03-06 03:34:51+0300,2021-03-06 03:34:44+0300,newsletter@e.usmagazine.com,relayed,2.0.0 (success),smtp;250 OK id AABSEFVTEAQ4BM7S,vmta_d_5170_176.57.208.151,1,20051_5170_34659_222,juno.com/vmta_d_5170_176.57.208.151
d,success,2021-03-06 03:34:53+0300,2021-03-06 03:34:46+0300,newsletter@e.usmagazine.com,relayed,2.0.0 (success),smtp;250 OK id AABSEFVTGAT8E2Y2,vmta_d_5170_176.57.208.151,1,20051_5170_34661_222,juno.com/vmta_d_5170_176.57.208.151
d,success,2021-03-06 03:34:55+0300,2021-03-06 03:34:47+0300,newsletter@e.usmagazine.com,relayed,2.0.0 (success),smtp;250 OK id AABSEFVTHA7R9TVJ,vmta_d_5170_176.57.208.151,1,20051_5170_34662_222,juno.com/vmta_d_5170_176.57.208.151
d,success,2021-03-06 03:34:55+0300,2021-03-06 03:34:48+0300,newsletter@e.usmagazine.com,relayed,2.0.0 (success),smtp;250 OK id AABSEFVTJAQUH2V2,vmta_d_5170_176.57.208.151,1,20051_5170_34663_222,juno.com/vmta_d_5170_176.57.208.151
d,success,2021-03-06 03:34:57+0300,2021-03-06 03:34:50+0300,newsletter@e.usmagazine.com,relayed,2.0.0 (success),smtp;250 OK id AABSEFVTLAP8U3XJ,vmta_d_5170_176.57.208.151,1,20051_5170_34665_222,juno.com/vmta_d_5170_176.57.208.151
d,success,2021-03-06 03:35:00+0300,2021-03-06 03:34:51+0300,newsletter@e.usmagazine.com,relayed,2.0.0 (success),smtp;250 OK id AABSEFVTPAJ85CRA,vmta_d_5170_176.57.208.151,1,20051_5170_34666_222,juno.com/vmta_d_5170_176.57.208.151
d,success,2021-03-06 03:35:00+0300,2021-03-06 03:34:53+0300,newsletter@e.usmagazine.com,relayed,2.0.0 (success),smtp;250 OK id AABSEFVTPA2TAWMJ,vmta_d_5170_176.57.208.151,1,20051_5170_34668_222,juno.com/vmta_d_5170_176.57.208.151
d,success,2021-03-06 03:35:01+0300,2021-03-06 03:34:54+0300,newsletter@e.usmagazine.com,relayed,2.0.0 (success),smtp;250 OK id AABSEFVTQAP5RW4A,vmta_d_5170_176.57.208.151,1,20051_5170_34669_222,juno.com/vmta_d_5170_176.57.208.151
d,success,2021-03-06 03:35:05+0300,2021-03-06 03:34:58+0300,newsletter@e.usmagazine.com,relayed,2.0.0 (success),smtp;250 OK id AABSEFVTUAPMXMWS,vmta_d_5170_176.57.208.151,1,20051_5170_34673_222,juno.com/vmta_d_5170_176.57.208.151
d,success,2021-03-06 03:35:05+0300,2021-03-06 03:35:00+0300,newsletter@e.usmagazine.com,relayed,2.0.0 (success),smtp;250 OK id AABSEFVTUATK8JHS,vmta_d_5170_176.57.208.151,1,20051_5170_34675_222,juno.com/vmta_d_5170_176.57.208.151
d,success,2021-03-06 03:35:09+0300,2021-03-06 03:35:01+0300,newsletter@e.usmagazine.com,relayed,2.0.0 (success),smtp;250 OK id AABSEFVTYAQ4SAXS,vmta_d_5170_176.57.208.151,1,20051_5170_34676_222,juno.com/vmta_d_5170_176.57.208.151
d,success,2021-03-06 03:35:09+0300,2021-03-06 03:35:02+0300,newsletter@e.usmagazine.com,relayed,2.0.0 (success),smtp;250 OK id AABSEFVTYA3LLYHJ,vmta_d_5170_176.57.208.151,1,20051_5170_34677_222,juno.com/vmta_d_5170_176.57.208.151
d,success,2021-03-06 03:35:10+0300,2021-03-06 03:35:03+0300,newsletter@e.usmagazine.com,relayed,2.0.0 (success),smtp;250 OK id AABSEFVTZAQULE3J,vmta_d_5170_176.57.208.151,1,20051_5170_34678_222,juno.com/vmta_d_5170_176.57.208.151
d,success,2021-03-06 03:35:12+0300,2021-03-06 03:35:05+0300,newsletter@e.usmagazine.com,relayed,2.0.0 (success),smtp;250 OK id AABSEFVT3AVVQADA,vmta_d_5170_176.57.208.151,1,20051_5170_34680_222,juno.com/vmta_d_5170_176.57.208.151
d,success,2021-03-06 03:35:14+0300,2021-03-06 03:35:07+0300,newsletter@e.usmagazine.com,relayed,2.0.0 (success),smtp;250 OK id AABSEFVT5ATA37Z2,vmta_d_5170_176.57.208.151,1,20051_5170_34682_222,juno.com/vmta_d_5170_176.57.208.151
d,success,2021-03-06 03:35:14+0300,2021-03-06 03:35:09+0300,newsletter@e.usmagazine.com,relayed,2.0.0 (success),smtp;250 OK id AABSEFVT5AXM59DS,vmta_d_5170_176.57.208.151,1,20051_5170_34684_222,juno.com/vmta_d_5170_176.57.208.151
d,success,2021-03-06 03:35:18+0300,2021-03-06 03:35:11+0300,newsletter@e.usmagazine.com,relayed,2.0.0 (success),smtp;250 OK id AABSEFVT9A3CA2Q2,vmta_d_5170_176.57.208.151,1,20051_5170_34686_222,juno.com/vmta_d_5170_176.57.208.151
d,success,2021-03-06 03:35:18+0300,2021-03-06 03:35:10+0300,newsletter@e.usmagazine.com,relayed,2.0.0 (success),smtp;250 OK id AABSEFVT9AQAZT5S,vmta_d_5170_176.57.208.151,1,20051_5170_34685_222,juno.com/vmta_d_5170_176.57.208.151
d,success,2021-03-06 03:35:19+0300,2021-03-06 03:35:12+0300,newsletter@e.usmagazine.com,relayed,2.0.0 (success),smtp;250 OK id AABSEFVUAAQF82QJ,vmta_d_5170_176.57.208.151,1,20051_5170_34687_222,juno.com/vmta_d_5170_176.57.208.151
d,success,2021-03-06 03:35:19+0300,2021-03-06 03:35:14+0300,newsletter@e.usmagazine.com,relayed,2.0.0 (success),smtp;250 OK id AABSEFVUAAUFW2N2,vmta_d_5170_176.57.208.151,1,20051_5170_34689_222,juno.com/vmta_d_5170_176.57.208.151
d,success,2021-03-06 03:35:22+0300,2021-03-06 03:35:15+0300,newsletter@e.usmagazine.com,relayed,2.0.0 (success),smtp;250 OK id AABSEFVUDAR7YKYA,vmta_d_5170_176.57.208.151,1,20051_5170_34690_222,juno.com/vmta_d_5170_176.57.208.151
d,success,2021-03-06 03:35:23+0300,2021-03-06 03:35:18+0300,newsletter@e.usmagazine.com,relayed,2.0.0 (success),smtp;250 OK id AABSEFVUEAT3B45A,vmta_d_5170_176.57.208.151,1,20051_5170_34693_222,juno.com/vmta_d_5170_176.57.208.151
d,success,2021-03-06 03:35:23+0300,2021-03-06 03:35:16+0300,newsletter@e.usmagazine.com,relayed,2.0.0 (success),smtp;250 OK id AABSEFVUEA3EFVU2,vmta_d_5170_176.57.208.151,1,20051_5170_34691_222,juno.com/vmta_d_5170_176.57.208.151
d,success,2021-03-06 03:35:24+0300,2021-03-06 03:35:17+0300,newsletter@e.usmagazine.com,relayed,2.0.0 (success),smtp;250 OK id AABSEFVUFAQ32UXS,vmta_d_5170_176.57.208.151,1,20051_5170_34692_222,juno.com/vmta_d_5170_176.57.208.151
d,success,2021-03-06 03:35:24+0300,2021-03-06 03:35:19+0300,newsletter@e.usmagazine.com,relayed,2.0.0 (success),smtp;250 OK id AABSEFVUFARKN4RS,vmta_d_5170_176.57.208.151,1,20051_5170_34694_222,juno.com/vmta_d_5170_176.57.208.151
d,success,2021-03-06 03:35:29+0300,2021-03-06 03:35:21+0300,newsletter@e.usmagazine.com,relayed,2.0.0 (success),smtp;250 OK id AABSEFVUKA5XJ2SJ,vmta_d_5170_176.57.208.151,1,20051_5170_34696_222,juno.com/vmta_d_5170_176.57.208.151
d,success,2021-03-06 03:35:29+0300,2021-03-06 03:35:22+0300,newsletter@e.usmagazine.com,relayed,2.0.0 (success),smtp;250 OK id AABSEFVULA3GX49A,vmta_d_5170_176.57.208.151,1,20051_5170_34697_222,juno.com/vmta_d_5170_176.57.208.151
d,success,2021-03-06 03:35:33+0300,2021-03-06 03:35:25+0300,newsletter@e.usmagazine.com,relayed,2.0.0 (success),smtp;250 OK id AABSEFVUQAR8XRZS,vmta_d_5170_176.57.208.151,1,20051_5170_34700_222,juno.com/vmta_d_5170_176.57.208.151
d,success,2021-03-06 03:35:34+0300,2021-03-06 03:35:26+0300,newsletter@e.usmagazine.com,relayed,2.0.0 (success),smtp;250 OK id AABSEFVURAE5RT22,vmta_d_5170_176.57.208.151,1,20051_5170_34701_222,juno.com/vmta_d_5170_176.57.208.151
d,success,2021-03-06 03:35:34+0300,2021-03-06 03:35:27+0300,newsletter@e.usmagazine.com,relayed,2.0.0 (success),smtp;250 OK id AABSEFVURAVL5FFS,vmta_d_5170_176.57.208.151,1,20051_5170_34702_222,juno.com/vmta_d_5170_176.57.208.151
d,success,2021-03-06 03:35:36+0300,2021-03-06 03:35:29+0300,newsletter@e.usmagazine.com,relayed,2.0.0 (success),smtp;250 OK id AABSEFVUTAS88GVS,vmta_d_5170_176.57.208.151,1,20051_5170_34704_222,juno.com/vmta_d_5170_176.57.208.151
d,success,2021-03-06 03:35:39+0300,2021-03-06 03:35:34+0300,newsletter@e.usmagazine.com,relayed,2.0.0 (success),smtp;250 OK id AABSEFVUWAEXB42S,vmta_d_5170_176.57.208.151,1,20051_5170_34709_222,juno.com/vmta_d_5170_176.57.208.151
d,success,2021-03-06 03:35:39+0300,2021-03-06 03:35:31+0300,newsletter@e.usmagazine.com,relayed,2.0.0 (success),smtp;250 OK id AABSEFVUWAM2SCC2,vmta_d_5170_176.57.208.151,1,20051_5170_34706_222,juno.com/vmta_d_5170_176.57.208.151
d,success,2021-03-06 03:35:41+0300,2021-03-06 03:35:39+0300,newsletter@e.usmagazine.com,relayed,2.0.0 (success),"smtp;250 Ok, queued as de3c3b54-7e13-11eb-9f87-0242c0a87803",vmta_d_5170_176.57.208.151,1,20051_5170_34714_222,juno.com.com/vmta_d_5170_176.57.208.151
d,success,2021-03-06 03:35:42+0300,2021-03-06 03:35:35+0300,newsletter@e.usmagazine.com,relayed,2.0.0 (success),smtp;250 OK id AABSEFVUZATBK6RS,vmta_d_5170_176.57.208.151,1,20051_5170_34710_222,juno.com/vmta_d_5170_176.57.208.151
d,success,2021-03-06 03:35:44+0300,2021-03-06 03:35:37+0300,newsletter@e.usmagazine.com,relayed,2.0.0 (success),smtp;250 OK id AABSEFVU3A2DM7Z2,vmta_d_5170_176.57.208.151,1,20051_5170_34712_222,juno.com/vmta_d_5170_176.57.208.151
d,success,2021-03-06 03:35:45+0300,2021-03-06 03:35:36+0300,newsletter@e.usmagazine.com,relayed,2.0.0 (success),smtp;250 OK id AABSEFVU3A4NLGBA,vmta_d_5170_176.57.208.151,1,20051_5170_34711_222,juno.com/vmta_d_5170_176.57.208.151
d,success,2021-03-06 03:35:48+0300,2021-03-06 03:35:41+0300,newsletter@e.usmagazine.com,relayed,2.0.0 (success),smtp;250 OK id AABSEFVU7A383EVS,vmta_d_5170_176.57.208.151,1,20051_5170_34716_222,juno.com/vmta_d_5170_176.57.208.151
d,success,2021-03-06 03:35:50+0300,2021-03-06 03:35:42+0300,newsletter@e.usmagazine.com,relayed,2.0.0 (success),smtp;250 OK id AABSEFVU9AT5639J,vmta_d_5170_176.57.208.151,1,20051_5170_34717_222,juno.com/vmta_d_5170_176.57.208.151
d,success,2021-03-06 03:35:51+0300,2021-03-06 03:35:43+0300,newsletter@e.usmagazine.com,relayed,2.0.0 (success),smtp;250 OK id AABSEFVU9A4V5WVA,vmta_d_5170_176.57.208.151,1,20051_5170_34718_222,juno.com/vmta_d_5170_176.57.208.151
d,success,2021-03-06 03:35:51+0300,2021-03-06 03:35:44+0300,newsletter@e.usmagazine.com,relayed,2.0.0 (success),smtp;250 OK id AABSEFVVAAV6VZSJ,vmta_d_5170_176.57.208.151,1,20051_5170_34719_222,juno.com/vmta_d_5170_176.57.208.151
d,success,2021-03-06 03:35:53+0300,2021-03-06 03:35:45+0300,newsletter@e.usmagazine.com,relayed,2.0.0 (success),smtp;250 OK id AABSEFVVBA4EBUJJ,vmta_d_5170_176.57.208.151,1,20051_5170_34720_222,juno.com/vmta_d_5170_176.57.208.151
d,success,2021-03-06 03:35:53+0300,2021-03-06 03:35:46+0300,newsletter@e.usmagazine.com,relayed,2.0.0 (success),smtp;250 OK id AABSEFVVCARU39GS,vmta_d_5170_176.57.208.151,1,20051_5170_34721_222,juno.com/vmta_d_5170_176.57.208.151
d,success,2021-03-06 03:35:55+0300,2021-03-06 03:35:48+0300,newsletter@e.usmagazine.com,relayed,2.0.0 (success),smtp;250 OK id AABSEFVVEARJEYK2,vmta_d_5170_176.57.208.151,1,20051_5170_34723_222,juno.com/vmta_d_5170_176.57.208.151
d,success,2021-03-06 03:35:55+0300,2021-03-06 03:35:50+0300,newsletter@e.usmagazine.com,relayed,2.0.0 (success),smtp;250 OK id AABSEFVVEAVZV8HJ,vmta_d_5170_176.57.208.151,1,20051_5170_34725_222,juno.com/vmta_d_5170_176.57.208.151
d,success,2021-03-06 03:35:56+0300,2021-03-06 03:35:49+0300,newsletter@e.usmagazine.com,relayed,2.0.0 (success),smtp;250 OK id AABSEFVVFA4CHN72,vmta_d_5170_176.57.208.151,1,20051_5170_34724_222,juno.com/vmta_d_5170_176.57.208.151
d,success,2021-03-06 03:35:57+0300,2021-03-06 03:35:52+0300,newsletter@e.usmagazine.com,relayed,2.0.0 (success),smtp;250 OK id AABSEFVVGAU9LVHJ,vmta_d_5170_176.57.208.151,1,20051_5170_34727_222,juno.com/vmta_d_5170_176.57.208.151
d,success,2021-03-06 03:35:58+0300,2021-03-06 03:35:51+0300,newsletter@e.usmagazine.com,relayed,2.0.0 (success),smtp;250 OK id AABSEFVVHAX57J6S,vmta_d_5170_176.57.208.151,1,20051_5170_34726_222,juno.com/vmta_d_5170_176.57.208.151
d,success,2021-03-06 03:36:01+0300,2021-03-06 03:35:54+0300,newsletter@e.usmagazine.com,relayed,2.0.0 (success),smtp;250 OK id AABSEFVVLAR6H9JS,vmta_d_5170_176.57.208.151,1,20051_5170_34729_222,juno.com/vmta_d_5170_176.57.208.151
d,success,2021-03-06 03:36:02+0300,2021-03-06 03:35:53+0300,newsletter@e.usmagazine.com,relayed,2.0.0 (success),smtp;250 OK id AABSEFVVMABSUQGA,vmta_d_5170_176.57.208.151,1,20051_5170_34728_222,juno.com/vmta_d_5170_176.57.208.151
d,success,2021-03-06 03:36:03+0300,2021-03-06 03:35:55+0300,newsletter@e.usmagazine.com,relayed,2.0.0 (success),smtp;250 OK id AABSEFVVNAAZ4DYJ,vmta_d_5170_176.57.208.151,1,20051_5170_34730_222,juno.com/vmta_d_5170_176.57.208.151
d,success,2021-03-06 03:36:03+0300,2021-03-06 03:35:56+0300,newsletter@e.usmagazine.com,relayed,2.0.0 (success),smtp;250 OK id AABSEFVVNAXENAN2,vmta_d_5170_176.57.208.151,1,20051_5170_34731_222,juno.com/vmta_d_5170_176.57.208.151
d,success,2021-03-06 03:36:05+0300,2021-03-06 03:35:57+0300,newsletter@e.usmagazine.com,relayed,2.0.0 (success),smtp;250 OK id AABSEFVVPA5FRRUA,vmta_d_5170_176.57.208.151,1,20051_5170_34732_222,juno.com/vmta_d_5170_176.57.208.151
d,success,2021-03-06 03:36:05+0300,2021-03-06 03:35:58+0300,newsletter@e.usmagazine.com,relayed,2.0.0 (success),smtp;250 OK id AABSEFVVQAYQRHZJ,vmta_d_5170_176.57.208.151,1,20051_5170_34733_222,juno.com/vmta_d_5170_176.57.208.151
d,success,2021-03-06 03:36:07+0300,2021-03-06 03:36:01+0300,newsletter@e.usmagazine.com,relayed,2.0.0 (success),smtp;250 OK id AABSEFVVRA7JHCP2,vmta_d_5170_176.57.208.151,1,20051_5170_34736_222,juno.com/vmta_d_5170_176.57.208.151
d,success,2021-03-06 03:36:07+0300,2021-03-06 03:35:59+0300,newsletter@e.usmagazine.com,relayed,2.0.0 (success),smtp;250 OK id AABSEFVVSAHTSHY2,vmta_d_5170_176.57.208.151,1,20051_5170_34734_222,juno.com/vmta_d_5170_176.57.208.151
d,success,2021-03-06 03:36:07+0300,2021-03-06 03:36:00+0300,newsletter@e.usmagazine.com,relayed,2.0.0 (success),smtp;250 OK id AABSEFVVSARDBAA2,vmta_d_5170_176.57.208.151,1,20051_5170_34735_222,juno.com/vmta_d_5170_176.57.208.151
d,success,2021-03-06 03:36:10+0300,2021-03-06 03:36:02+0300,newsletter@e.usmagazine.com,relayed,2.0.0 (success),smtp;250 OK id AABSEFVVUA448HUJ,vmta_d_5170_176.57.208.151,1,20051_5170_34737_222,juno.com/vmta_d_5170_176.57.208.151
d,success,2021-03-06 03:36:10+0300,2021-03-06 03:36:03+0300,newsletter@e.usmagazine.com,relayed,2.0.0 (success),smtp;250 OK id AABSEFVVVAU8SLPA,vmta_d_5170_176.57.208.151,1,20051_5170_34738_222,juno.com/vmta_d_5170_176.57.208.151
d,success,2021-03-06 03:36:12+0300,2021-03-06 03:36:04+0300,newsletter@e.usmagazine.com,relayed,2.0.0 (success),smtp;250 OK id AABSEFVVWA4RADB2,vmta_d_5170_176.57.208.151,1,20051_5170_34739_222,juno.com/vmta_d_5170_176.57.208.151
d,success,2021-03-06 03:36:12+0300,2021-03-06 03:36:05+0300,newsletter@e.usmagazine.com,relayed,2.0.0 (success),smtp;250 OK id AABSEFVVXASHT6LJ,vmta_d_5170_176.57.208.151,1,20051_5170_34740_222,juno.com/vmta_d_5170_176.57.208.151
d,success,2021-03-06 03:36:14+0300,2021-03-06 03:36:06+0300,newsletter@e.usmagazine.com,relayed,2.0.0 (success),smtp;250 OK id AABSEFVVYA4TZ2ZA,vmta_d_5170_176.57.208.151,1,20051_5170_34741_222,juno.com/vmta_d_5170_176.57.208.151
d,success,2021-03-06 03:36:16+0300,2021-03-06 03:36:09+0300,newsletter@e.usmagazine.com,relayed,2.0.0 (success),smtp;250 OK id AABSEFVV3AS4VUC2,vmta_d_5170_176.57.208.151,1,20051_5170_34744_222,juno.com/vmta_d_5170_176.57.208.151
d,success,2021-03-06 03:36:18+0300,2021-03-06 03:36:12+0300,newsletter@e.usmagazine.com,relayed,2.0.0 (success),smtp;250 OK id AABSEFVV5ADC4WDJ,vmta_d_5170_176.57.208.151,1,20051_5170_34747_222,juno.com/vmta_d_5170_176.57.208.151
d,success,2021-03-06 03:36:18+0300,2021-03-06 03:36:11+0300,newsletter@e.usmagazine.com,relayed,2.0.0 (success),smtp;250 OK id AABSEFVV5AUM8PS2,vmta_d_5170_176.57.208.151,1,20051_5170_34746_222,juno.com/vmta_d_5170_176.57.208.151
d,success,2021-03-06 03:36:23+0300,2021-03-06 03:36:15+0300,newsletter@e.usmagazine.com,relayed,2.0.0 (success),smtp;250 OK id AABSEFVWAACLJR5J,vmta_d_5170_176.57.208.151,1,20051_5170_34750_222,juno.com/vmta_d_5170_176.57.208.151
d,success,2021-03-06 03:36:27+0300,2021-03-06 03:36:19+0300,newsletter@e.usmagazine.com,relayed,2.0.0 (success),smtp;250 OK id AABSEFVWDA54D7MJ,vmta_d_5170_176.57.208.151,1,20051_5170_34754_222,juno.com/vmta_d_5170_176.57.208.151
d,success,2021-03-06 03:36:27+0300,2021-03-06 03:36:20+0300,newsletter@e.usmagazine.com,relayed,2.0.0 (success),smtp;250 OK id AABSEFVWEAR8GZCS,vmta_d_5170_176.57.208.151,1,20051_5170_34755_222,juno.com/vmta_d_5170_176.57.208.151
d,success,2021-03-06 03:36:29+0300,2021-03-06 03:36:21+0300,newsletter@e.usmagazine.com,relayed,2.0.0 (success),smtp;250 OK id AABSEFVWFA5XADFJ,vmta_d_5170_176.57.208.151,1,20051_5170_34756_222,juno.com/vmta_d_5170_176.57.208.151
d,success,2021-03-06 03:36:31+0300,2021-03-06 03:36:23+0300,newsletter@e.usmagazine.com,relayed,2.0.0 (success),smtp;250 OK id AABSEFVWJACFLYBS,vmta_d_5170_176.57.208.151,1,20051_5170_34758_222,juno.com/vmta_d_5170_176.57.208.151
d,success,2021-03-06 03:36:31+0300,2021-03-06 03:36:24+0300,newsletter@e.usmagazine.com,relayed,2.0.0 (success),smtp;250 OK id AABSEFVWJAW79YLA,vmta_d_5170_176.57.208.151,1,20051_5170_34759_222,juno.com/vmta_d_5170_176.57.208.151
d,success,2021-03-06 03:36:33+0300,2021-03-06 03:36:25+0300,newsletter@e.usmagazine.com,relayed,2.0.0 (success),smtp;250 OK id AABSEFVWKA5KUMCA,vmta_d_5170_176.57.208.151,1,20051_5170_34760_222,juno.com/vmta_d_5170_176.57.208.151
d,success,2021-03-06 03:36:33+0300,2021-03-06 03:36:26+0300,newsletter@e.usmagazine.com,relayed,2.0.0 (success),smtp;250 OK id AABSEFVWLATTQ8NJ,vmta_d_5170_176.57.208.151,1,20051_5170_34761_222,juno.com/vmta_d_5170_176.57.208.151
d,success,2021-03-06 03:36:35+0300,2021-03-06 03:36:28+0300,newsletter@e.usmagazine.com,relayed,2.0.0 (success),smtp;250 OK id AABSEFVWNATQM3TA,vmta_d_5170_176.57.208.151,1,20051_5170_34763_222,juno.com/vmta_d_5170_176.57.208.151
d,success,2021-03-06 03:36:37+0300,2021-03-06 03:36:29+0300,newsletter@e.usmagazine.com,relayed,2.0.0 (success),smtp;250 OK id AABSEFVWQACAGMJJ,vmta_d_5170_176.57.208.151,1,20051_5170_34764_222,juno.com/vmta_d_5170_176.57.208.151
d,success,2021-03-06 03:36:39+0300,2021-03-06 03:36:32+0300,newsletter@e.usmagazine.com,relayed,2.0.0 (success),smtp;250 OK id AABSEFVWSATDTC32,vmta_d_5170_176.57.208.151,1,20051_5170_34767_222,juno.com/vmta_d_5170_176.57.208.151
d,success,2021-03-06 03:36:41+0300,2021-03-06 03:36:35+0300,newsletter@e.usmagazine.com,relayed,2.0.0 (success),smtp;250 OK id AABSEFVWUANNA9FA,vmta_d_5170_176.57.208.151,1,20051_5170_34770_222,juno.com/vmta_d_5170_176.57.208.151
d,success,2021-03-06 03:36:42+0300,2021-03-06 03:36:34+0300,newsletter@e.usmagazine.com,relayed,2.0.0 (success),smtp;250 OK id AABSEFVWVACEP3H2,vmta_d_5170_176.57.208.151,1,20051_5170_34769_222,juno.com/vmta_d_5170_176.57.208.151
d,success,2021-03-06 03:36:46+0300,2021-03-06 03:36:38+0300,newsletter@e.usmagazine.com,relayed,2.0.0 (success),smtp;250 OK id AABSEFVWYAUBEXCJ,vmta_d_5170_176.57.208.151,1,20051_5170_34773_222,juno.com/vmta_d_5170_176.57.208.151
d,success,2021-03-06 03:36:47+0300,2021-03-06 03:36:41+0300,newsletter@e.usmagazine.com,relayed,2.0.0 (success),smtp;250 OK id AABSEFVWZA7DM7U2,vmta_d_5170_176.57.208.151,1,20051_5170_34776_222,juno.com/vmta_d_5170_176.57.208.151
d,success,2021-03-06 03:36:47+0300,2021-03-06 03:36:40+0300,newsletter@e.usmagazine.com,relayed,2.0.0 (success),smtp;250 OK id AABSEFVW2AY62UR2,vmta_d_5170_176.57.208.151,1,20051_5170_34775_222,juno.com/vmta_d_5170_176.57.208.151
d,success,2021-03-06 03:36:50+0300,2021-03-06 03:36:43+0300,newsletter@e.usmagazine.com,relayed,2.0.0 (success),smtp;250 OK id AABSEFVW5AW6XG8A,vmta_d_5170_176.57.208.151,1,20051_5170_34778_222,juno.com/vmta_d_5170_176.57.208.151
d,success,2021-03-06 03:36:52+0300,2021-03-06 03:36:44+0300,newsletter@e.usmagazine.com,relayed,2.0.0 (success),smtp;250 OK id AABSEFVW6A53KYRS,vmta_d_5170_176.57.208.151,1,20051_5170_34779_222,juno.com/vmta_d_5170_176.57.208.151
d,success,2021-03-06 03:36:54+0300,2021-03-06 03:36:46+0300,newsletter@e.usmagazine.com,relayed,2.0.0 (success),smtp;250 OK id AABSEFVW9ACUJSHS,vmta_d_5170_176.57.208.151,1,20051_5170_34781_222,juno.com/vmta_d_5170_176.57.208.151
d,success,2021-03-06 03:36:55+0300,2021-03-06 03:36:50+0300,newsletter@e.usmagazine.com,relayed,2.0.0 (success),smtp;250 OK id AABSEFVXAAK62SFJ,vmta_d_5170_176.57.208.151,1,20051_5170_34785_222,juno.com/vmta_d_5170_176.57.208.151
d,success,2021-03-06 03:36:56+0300,2021-03-06 03:36:48+0300,newsletter@e.usmagazine.com,relayed,2.0.0 (success),smtp;250 OK id AABSEFVXAA58CTDS,vmta_d_5170_176.57.208.151,1,20051_5170_34783_222,juno.com/vmta_d_5170_176.57.208.151
d,success,2021-03-06 03:36:59+0300,2021-03-06 03:36:51+0300,newsletter@e.usmagazine.com,relayed,2.0.0 (success),smtp;250 OK id AABSEFVXDA5YZVTA,vmta_d_5170_176.57.208.151,1,20051_5170_34786_222,juno.com/vmta_d_5170_176.57.208.151
d,success,2021-03-06 03:37:00+0300,2021-03-06 03:36:54+0300,newsletter@e.usmagazine.com,relayed,2.0.0 (success),smtp;250 OK id AABSEFVXEA632WUS,vmta_d_5170_176.57.208.151,1,20051_5170_34789_222,juno.com/vmta_d_5170_176.57.208.151
d,success,2021-03-06 03:37:01+0300,2021-03-06 03:36:53+0300,newsletter@e.usmagazine.com,relayed,2.0.0 (success),smtp;250 OK id AABSEFVXFA6DK3W2,vmta_d_5170_176.57.208.151,1,20051_5170_34788_222,juno.com/vmta_d_5170_176.57.208.151
d,success,2021-03-06 03:37:02+0300,2021-03-06 03:36:55+0300,newsletter@e.usmagazine.com,relayed,2.0.0 (success),smtp;250 OK id AABSEFVXHAS36UZS,vmta_d_5170_176.57.208.151,1,20051_5170_34790_222,juno.com/vmta_d_5170_176.57.208.151
d,success,2021-03-06 03:37:04+0300,2021-03-06 03:36:56+0300,newsletter@e.usmagazine.com,relayed,2.0.0 (success),smtp;250 OK id AABSEFVXJA58LZ32,vmta_d_5170_176.57.208.151,1,20051_5170_34791_222,juno.com/vmta_d_5170_176.57.208.151
d,success,2021-03-06 03:37:04+0300,2021-03-06 03:36:57+0300,newsletter@e.usmagazine.com,relayed,2.0.0 (success),smtp;250 OK id AABSEFVXKATYL7VA,vmta_d_5170_176.57.208.151,1,20051_5170_34792_222,juno.com/vmta_d_5170_176.57.208.151
d,success,2021-03-06 03:37:06+0300,2021-03-06 03:36:58+0300,newsletter@e.usmagazine.com,relayed,2.0.0 (success),smtp;250 OK id AABSEFVXLA6FNA3J,vmta_d_5170_176.57.208.151,1,20051_5170_34793_222,juno.com/vmta_d_5170_176.57.208.151
d,success,2021-03-06 03:37:06+0300,2021-03-06 03:36:59+0300,newsletter@e.usmagazine.com,relayed,2.0.0 (success),smtp;250 OK id AABSEFVXMAS7LHS2,vmta_d_5170_176.57.208.151,1,20051_5170_34794_222,juno.com/vmta_d_5170_176.57.208.151
d,success,2021-03-06 03:37:08+0300,2021-03-06 03:37:00+0300,newsletter@e.usmagazine.com,relayed,2.0.0 (success),smtp;250 OK id AABSEFVXPADA373J,vmta_d_5170_176.57.208.151,1,20051_5170_34795_222,juno.com/vmta_d_5170_176.57.208.151
d,success,2021-03-06 03:37:10+0300,2021-03-06 03:37:02+0300,newsletter@e.usmagazine.com,relayed,2.0.0 (success),smtp;250 OK id AABSEFVXRABSU74A,vmta_d_5170_176.57.208.151,1,20051_5170_34797_222,juno.com/vmta_d_5170_176.57.208.151
d,success,2021-03-06 03:37:10+0300,2021-03-06 03:37:03+0300,newsletter@e.usmagazine.com,relayed,2.0.0 (success),smtp;250 OK id AABSEFVXRAYBWXB2,vmta_d_5170_176.57.208.151,1,20051_5170_34798_222,juno.com/vmta_d_5170_176.57.208.151
d,success,2021-03-06 03:37:12+0300,2021-03-06 03:37:05+0300,newsletter@e.usmagazine.com,relayed,2.0.0 (success),smtp;250 OK id AABSEFVXTAUBNRCJ,vmta_d_5170_176.57.208.151,1,20051_5170_34800_222,juno.com/vmta_d_5170_176.57.208.151
d,success,2021-03-06 03:37:14+0300,2021-03-06 03:37:07+0300,newsletter@e.usmagazine.com,relayed,2.0.0 (success),smtp;250 OK id AABSEFVXVATDE3JA,vmta_d_5170_176.57.208.151,1,20051_5170_34802_222,juno.com/vmta_d_5170_176.57.208.151
d,success,2021-03-06 03:37:18+0300,2021-03-06 03:37:11+0300,newsletter@e.usmagazine.com,relayed,2.0.0 (success),smtp;250 OK id AABSEFVXZAUGZDBA,vmta_d_5170_176.57.208.151,1,20051_5170_34806_222,juno.com/vmta_d_5170_176.57.208.151
d,success,2021-03-06 03:37:21+0300,2021-03-06 03:37:13+0300,newsletter@e.usmagazine.com,relayed,2.0.0 (success),smtp;250 OK id AABSEFVX4ADEC3JJ,vmta_d_5170_176.57.208.151,1,20051_5170_34808_222,juno.com/vmta_d_5170_176.57.208.151
d,success,2021-03-06 03:37:21+0300,2021-03-06 03:37:14+0300,newsletter@e.usmagazine.com,relayed,2.0.0 (success),smtp;250 OK id AABSEFVX4AVTCJJS,vmta_d_5170_176.57.208.151,1,20051_5170_34809_222,juno.com/vmta_d_5170_176.57.208.151
d,success,2021-03-06 03:37:24+0300,2021-03-06 03:37:17+0300,newsletter@e.usmagazine.com,relayed,2.0.0 (success),smtp;250 OK id AABSEFVX7AU8RJHJ,vmta_d_5170_176.57.208.151,1,20051_5170_34812_222,juno.com/vmta_d_5170_176.57.208.151
d,success,2021-03-06 03:37:26+0300,2021-03-06 03:37:21+0300,newsletter@e.usmagazine.com,relayed,2.0.0 (success),smtp;250 OK id AABSEFVX9AUSVKGJ,vmta_d_5170_176.57.208.151,1,20051_5170_34816_222,juno.com/vmta_d_5170_176.57.208.151
d,success,2021-03-06 03:37:29+0300,2021-03-06 03:37:22+0300,newsletter@e.usmagazine.com,relayed,2.0.0 (success),smtp;250 OK id AABSEFVYCAUFTBJJ,vmta_d_5170_176.57.208.151,1,20051_5170_34817_222,juno.com/vmta_d_5170_176.57.208.151
d,success,2021-03-06 03:37:30+0300,2021-03-06 03:37:24+0300,newsletter@e.usmagazine.com,relayed,2.0.0 (success),smtp;250 OK id AABSEFVYDARU9Z22,vmta_d_5170_176.57.208.151,1,20051_5170_34819_222,juno.com/vmta_d_5170_176.57.208.151
d,success,2021-03-06 03:37:31+0300,2021-03-06 03:37:23+0300,newsletter@e.usmagazine.com,relayed,2.0.0 (success),smtp;250 OK id AABSEFVYDA69C92A,vmta_d_5170_176.57.208.151,1,20051_5170_34818_222,juno.com/vmta_d_5170_176.57.208.151
d,success,2021-03-06 03:37:35+0300,2021-03-06 03:37:26+0300,newsletter@e.usmagazine.com,relayed,2.0.0 (success),smtp;250 OK id AABSEFVYHA7ZFT8S,vmta_d_5170_176.57.208.151,1,20051_5170_34821_222,juno.com/vmta_d_5170_176.57.208.151
d,success,2021-03-06 03:37:35+0300,2021-03-06 03:37:30+0300,newsletter@e.usmagazine.com,relayed,2.0.0 (success),smtp;250 OK id AABSEFVYJAYEZYAA,vmta_d_5170_176.57.208.151,1,20051_5170_34825_222,juno.com/vmta_d_5170_176.57.208.151
d,success,2021-03-06 03:37:36+0300,2021-03-06 03:37:28+0300,newsletter@e.usmagazine.com,relayed,2.0.0 (success),smtp;250 OK id AABSEFVYKAEHXZTS,vmta_d_5170_176.57.208.151,1,20051_5170_34823_222,juno.com/vmta_d_5170_176.57.208.151
d,success,2021-03-06 03:37:36+0300,2021-03-06 03:37:29+0300,newsletter@e.usmagazine.com,relayed,2.0.0 (success),smtp;250 OK id AABSEFVYKAZX3GVS,vmta_d_5170_176.57.208.151,1,20051_5170_34824_222,juno.com/vmta_d_5170_176.57.208.151
d,success,2021-03-06 03:37:39+0300,2021-03-06 03:37:32+0300,newsletter@e.usmagazine.com,relayed,2.0.0 (success),smtp;250 OK id AABSEFVYNAVEF4A2,vmta_d_5170_176.57.208.151,1,20051_5170_34827_222,juno.com/vmta_d_5170_176.57.208.151
d,success,2021-03-06 03:37:41+0300,2021-03-06 03:37:33+0300,newsletter@e.usmagazine.com,relayed,2.0.0 (success),smtp;250 OK id AABSEFVYPA695DHS,vmta_d_5170_176.57.208.151,1,20051_5170_34828_222,juno.com/vmta_d_5170_176.57.208.151
d,success,2021-03-06 03:37:41+0300,2021-03-06 03:37:34+0300,newsletter@e.usmagazine.com,relayed,2.0.0 (success),smtp;250 OK id AABSEFVYQAWGQH82,vmta_d_5170_176.57.208.151,1,20051_5170_34829_222,juno.com/vmta_d_5170_176.57.208.151
d,success,2021-03-06 03:37:43+0300,2021-03-06 03:37:35+0300,newsletter@e.usmagazine.com,relayed,2.0.0 (success),smtp;250 OK id AABSEFVYSAACQH7A,vmta_d_5170_176.57.208.151,1,20051_5170_34830_222,juno.com/vmta_d_5170_176.57.208.151
d,success,2021-03-06 03:37:45+0300,2021-03-06 03:37:37+0300,newsletter@e.usmagazine.com,relayed,2.0.0 (success),smtp;250 OK id AABSEFVYUACQJC5S,vmta_d_5170_176.57.208.151,1,20051_5170_34832_222,juno.com/vmta_d_5170_176.57.208.151
d,success,2021-03-06 03:37:45+0300,2021-03-06 03:37:38+0300,newsletter@e.usmagazine.com,relayed,2.0.0 (success),smtp;250 OK id AABSEFVYUAZKT8DJ,vmta_d_5170_176.57.208.151,1,20051_5170_34833_222,juno.com/vmta_d_5170_176.57.208.151
d,success,2021-03-06 03:37:47+0300,2021-03-06 03:37:40+0300,newsletter@e.usmagazine.com,relayed,2.0.0 (success),smtp;250 OK id AABSEFVYWAZ472HS,vmta_d_5170_176.57.208.151,1,20051_5170_34835_222,juno.com/vmta_d_5170_176.57.208.151
d,success,2021-03-06 03:37:48+0300,2021-03-06 03:37:39+0300,newsletter@e.usmagazine.com,relayed,2.0.0 (success),smtp;250 OK id AABSEFVYWA7KJN42,vmta_d_5170_176.57.208.151,1,20051_5170_34834_222,juno.com/vmta_d_5170_176.57.208.151
d,success,2021-03-06 03:37:51+0300,2021-03-06 03:37:44+0300,newsletter@e.usmagazine.com,relayed,2.0.0 (success),smtp;250 OK id AABSEFVY2AYRSCSJ,vmta_d_5170_176.57.208.151,1,20051_5170_34839_222,juno.com/vmta_d_5170_176.57.208.151
d,success,2021-03-06 03:37:52+0300,2021-03-06 03:37:46+0300,newsletter@e.usmagazine.com,relayed,2.0.0 (success),smtp;250 OK id AABSEFVY3AGC45WA,vmta_d_5170_176.57.208.151,1,20051_5170_34841_222,juno.com/vmta_d_5170_176.57.208.151
d,success,2021-03-06 03:37:54+0300,2021-03-06 03:37:47+0300,newsletter@e.usmagazine.com,relayed,2.0.0 (success),smtp;250 OK id AABSEFVY5AYQDQ22,vmta_d_5170_176.57.208.151,1,20051_5170_34842_222,juno.com/vmta_d_5170_176.57.208.151
d,success,2021-03-06 03:37:56+0300,2021-03-06 03:37:49+0300,newsletter@e.usmagazine.com,relayed,2.0.0 (success),smtp;250 OK id AABSEFVY7AZRGFX2,vmta_d_5170_176.57.208.151,1,20051_5170_34844_222,juno.com/vmta_d_5170_176.57.208.151
d,success,2021-03-06 03:37:58+0300,2021-03-06 03:37:50+0300,newsletter@e.usmagazine.com,relayed,2.0.0 (success),smtp;250 OK id AABSEFVY9AAUGK3J,vmta_d_5170_176.57.208.151,1,20051_5170_34845_222,juno.com/vmta_d_5170_176.57.208.151
d,success,2021-03-06 03:38:00+0300,2021-03-06 03:37:52+0300,newsletter@e.usmagazine.com,relayed,2.0.0 (success),smtp;250 OK id AABSEFVZBADXUXJ2,vmta_d_5170_176.57.208.151,1,20051_5170_34847_222,juno.com/vmta_d_5170_176.57.208.151
d,success,2021-03-06 03:38:00+0300,2021-03-06 03:37:53+0300,newsletter@e.usmagazine.com,relayed,2.0.0 (success),smtp;250 OK id AABSEFVZBAVKQA42,vmta_d_5170_176.57.208.151,1,20051_5170_34848_222,juno.com/vmta_d_5170_176.57.208.151
d,success,2021-03-06 03:38:05+0300,2021-03-06 03:37:57+0300,newsletter@e.usmagazine.com,relayed,2.0.0 (success),smtp;250 OK id AABSEFVZFA27FG7S,vmta_d_5170_176.57.208.151,1,20051_5170_34852_222,juno.com/vmta_d_5170_176.57.208.151
d,success,2021-03-06 03:38:06+0300,2021-03-06 03:37:58+0300,newsletter@e.usmagazine.com,relayed,2.0.0 (success),smtp;250 OK id AABSEFVZHAAVG8Y2,vmta_d_5170_176.57.208.151,1,20051_5170_34853_222,juno.com/vmta_d_5170_176.57.208.151
d,success,2021-03-06 03:38:06+0300,2021-03-06 03:38:00+0300,newsletter@e.usmagazine.com,relayed,2.0.0 (success),smtp;250 OK id AABSEFVZHAUCDA2A,vmta_d_5170_176.57.208.151,1,20051_5170_34855_222,juno.com/vmta_d_5170_176.57.208.151
d,success,2021-03-06 03:38:06+0300,2021-03-06 03:37:59+0300,newsletter@e.usmagazine.com,relayed,2.0.0 (success),smtp;250 OK id AABSEFVZHAWZVPGS,vmta_d_5170_176.57.208.151,1,20051_5170_34854_222,juno.com/vmta_d_5170_176.57.208.151
d,success,2021-03-06 03:38:11+0300,2021-03-06 03:38:01+0300,newsletter@e.usmagazine.com,relayed,2.0.0 (success),smtp;250 OK id AABSEFVZNAHBK54J,vmta_d_5170_176.57.208.151,1,20051_5170_34856_222,juno.com/vmta_d_5170_176.57.208.151
d,success,2021-03-06 03:38:11+0300,2021-03-06 03:38:02+0300,newsletter@e.usmagazine.com,relayed,2.0.0 (success),smtp;250 OK id AABSEFVZNAL6485A,vmta_d_5170_176.57.208.151,1,20051_5170_34857_222,juno.com/vmta_d_5170_176.57.208.151
d,success,2021-03-06 03:38:16+0300,2021-03-06 03:38:07+0300,newsletter@e.usmagazine.com,relayed,2.0.0 (success),smtp;250 OK id AABSEFVZTADQ25TS,vmta_d_5170_176.57.208.151,1,20051_5170_34862_222,juno.com/vmta_d_5170_176.57.208.151
